it-builder/2022/index.html	5	literal_q	      <script async src="https //www.googletagmanager.com/gtag/js?id=G-D733JDSWR7"></script>
it-builder/2024/index.html	5	literal_q	      <script async src="https //www.googletagmanager.com/gtag/js?id=G-D733JDSWR7"></script>
it-builder/2023/index.html	5	literal_q	      <script async src="https //www.googletagmanager.com/gtag/js?id=G-D733JDSWR7"></script>
it-builder/case0001241/index.html	5	literal_q	      <script async src="https //www.googletagmanager.com/gtag/js?id=G-D733JDSWR7"></script>
it-builder/case0001241/index.html	59	literal_q	                    <a href="https //info.it-builder.jp/app/portal/sampleAP?ID=07" target="_blank" class="downloadBtn">サンプルアプリダウンロード</a>
it-builder/index.html	5	literal_q	      <script async src="https //www.googletagmanager.com/gtag/js?id=G-D733JDSWR7"></script>
it-builder/index.html	878	literal_q	            <iframe loading="lazy" width="558" height="314" src="https //www.youtube.com/embed/1en-XdtfA80?rel=0" frameborder="0" allow="autoplay; encrypted-media" allowfullscreen></iframe>
it-builder/index.html	910	literal_q	            <iframe loading="lazy" width="558" height="314" src="https //www.youtube.com/embed/WJ5HBYauscA?rel=0" frameborder="0" allow="autoplay; encrypted-media" allowfullscreen></iframe>
it-builder/index.html	938	literal_q	            <iframe loading="lazy" width="558" height="314" src="https //www.youtube.com/embed/VFx8fwCLBSo?rel=0" frameborder="0" allow="autoplay; encrypted-media" allowfullscreen></iframe>
it-builder/index.html	969	literal_q	            <iframe loading="lazy" width="558" height="314" src="https //www.youtube.com/embed/PHMGo6nR0j4?rel=0" frameborder="0" allow="autoplay; encrypted-media" allowfullscreen></iframe>
it-builder/sitepolicy/index.html	5	literal_q	      <script async src="https //www.googletagmanager.com/gtag/js?id=G-D733JDSWR7"></script>
it-builder/join/index.html	5	literal_q	      <script async src="https //www.googletagmanager.com/gtag/js?id=G-D733JDSWR7"></script>
it-builder/_orphans/p-10.html	5	literal_q	      <script async src="https //www.googletagmanager.com/gtag/js?id=G-D733JDSWR7"></script>
it-builder/_orphans/p-10.html	629	literal_q	            <iframe loading="lazy" width="558" height="314" src="https //www.youtube.com/embed/1en-XdtfA80?rel=0" frameborder="0" allow="autoplay; encrypted-media" allowfullscreen></iframe>
it-builder/_orphans/p-10.html	661	literal_q	            <iframe loading="lazy" width="558" height="314" src="https //www.youtube.com/embed/WJ5HBYauscA?rel=0" frameborder="0" allow="autoplay; encrypted-media" allowfullscreen></iframe>
it-builder/_orphans/p-10.html	689	literal_q	            <iframe loading="lazy" width="558" height="314" src="https //www.youtube.com/embed/VFx8fwCLBSo?rel=0" frameborder="0" allow="autoplay; encrypted-media" allowfullscreen></iframe>
it-builder/_orphans/p-10.html	720	literal_q	            <iframe loading="lazy" width="558" height="314" src="https //www.youtube.com/embed/PHMGo6nR0j4?rel=0" frameborder="0" allow="autoplay; encrypted-media" allowfullscreen></iframe>
it-builder/_orphans/p-11.html	5	literal_q	      <script async src="https //www.googletagmanager.com/gtag/js?id=G-D733JDSWR7"></script>
it-builder/_orphans/p-250.html	5	literal_q	      <script async src="https //www.googletagmanager.com/gtag/js?id=G-D733JDSWR7"></script>
it-builder/_orphans/p-9.html	5	literal_q	      <script async src="https //www.googletagmanager.com/gtag/js?id=G-D733JDSWR7"></script>
it-builder/_orphans/p-564.html	5	literal_q	      <script async src="https //www.googletagmanager.com/gtag/js?id=G-D733JDSWR7"></script>
it-builder/_orphans/p-4339.html	5	literal_q	      <script async src="https //www.googletagmanager.com/gtag/js?id=G-D733JDSWR7"></script>
it-builder/_orphans/p-621.html	5	literal_q	      <script async src="https //www.googletagmanager.com/gtag/js?id=G-D733JDSWR7"></script>
it-builder/_orphans/p-8.html	5	literal_q	      <script async src="https //www.googletagmanager.com/gtag/js?id=G-D733JDSWR7"></script>
it-builder/_orphans/p-194.html	5	literal_q	      <script async src="https //www.googletagmanager.com/gtag/js?id=G-D733JDSWR7"></script>
it-builder/_orphans/p-198.html	5	literal_q	      <script async src="https //www.googletagmanager.com/gtag/js?id=G-D733JDSWR7"></script>
it-builder/_orphans/p-195.html	5	literal_q	      <script async src="https //www.googletagmanager.com/gtag/js?id=G-D733JDSWR7"></script>
it-builder/_orphans/p-39.html	5	literal_q	      <script async src="https //www.googletagmanager.com/gtag/js?id=G-D733JDSWR7"></script>
it-builder/_orphans/p-192.html	5	literal_q	      <script async src="https //www.googletagmanager.com/gtag/js?id=G-D733JDSWR7"></script>
it-builder/_orphans/p-12.html	5	literal_q	      <script async src="https //www.googletagmanager.com/gtag/js?id=G-D733JDSWR7"></script>
it-builder/_orphans/p-193.html	5	literal_q	      <script async src="https //www.googletagmanager.com/gtag/js?id=G-D733JDSWR7"></script>
it-builder/_orphans/p-193.html	137	literal_q	                    <iframe src="https //www.youtube.com/embed/j_feKEqrGhY?rel=0" allow="autoplay; encrypted-media" class="video__iframe" allowfullscreen></iframe>
it-builder/_orphans/p-13.html	5	literal_q	      <script async src="https //www.googletagmanager.com/gtag/js?id=G-D733JDSWR7"></script>
it-builder/_orphans/p-330.html	5	literal_q	      <script async src="https //www.googletagmanager.com/gtag/js?id=G-D733JDSWR7"></script>
it-builder/faq/index.html	5	literal_q	      <script async src="https //www.googletagmanager.com/gtag/js?id=G-D733JDSWR7"></script>
it-builder/sitemap/index.html	5	literal_q	      <script async src="https //www.googletagmanager.com/gtag/js?id=G-D733JDSWR7"></script>
it-builder/user/index.html	5	literal_q	      <script async src="https //www.googletagmanager.com/gtag/js?id=G-D733JDSWR7"></script>
it-builder/user/faq/index.html	5	literal_q	      <script async src="https //www.googletagmanager.com/gtag/js?id=G-D733JDSWR7"></script>
it-builder/user/download/index.html	5	literal_q	      <script async src="https //www.googletagmanager.com/gtag/js?id=G-D733JDSWR7"></script>
it-builder/about/index.html	5	literal_q	      <script async src="https //www.googletagmanager.com/gtag/js?id=G-D733JDSWR7"></script>
it-builder/about/index.html	629	literal_q	            <iframe loading="lazy" width="558" height="314" src="https //www.youtube.com/embed/1en-XdtfA80?rel=0" frameborder="0" allow="autoplay; encrypted-media" allowfullscreen></iframe>
it-builder/about/index.html	661	literal_q	            <iframe loading="lazy" width="558" height="314" src="https //www.youtube.com/embed/WJ5HBYauscA?rel=0" frameborder="0" allow="autoplay; encrypted-media" allowfullscreen></iframe>
it-builder/about/index.html	689	literal_q	            <iframe loading="lazy" width="558" height="314" src="https //www.youtube.com/embed/VFx8fwCLBSo?rel=0" frameborder="0" allow="autoplay; encrypted-media" allowfullscreen></iframe>
it-builder/about/index.html	720	literal_q	            <iframe loading="lazy" width="558" height="314" src="https //www.youtube.com/embed/PHMGo6nR0j4?rel=0" frameborder="0" allow="autoplay; encrypted-media" allowfullscreen></iframe>
it-builder/about/advanced_case/index.html	5	literal_q	      <script async src="https //www.googletagmanager.com/gtag/js?id=G-D733JDSWR7"></script>
it-builder/about/requirements/index.html	5	literal_q	      <script async src="https //www.googletagmanager.com/gtag/js?id=G-D733JDSWR7"></script>
it-builder/about/how_to_make/index.html	5	literal_q	      <script async src="https //www.googletagmanager.com/gtag/js?id=G-D733JDSWR7"></script>
it-builder/about/how_to_make/index.html	137	literal_q	                    <iframe src="https //www.youtube.com/embed/j_feKEqrGhY?rel=0" allow="autoplay; encrypted-media" class="video__iframe" allowfullscreen></iframe>
it-builder/about/parts/index.html	5	literal_q	      <script async src="https //www.googletagmanager.com/gtag/js?id=G-D733JDSWR7"></script>
it-builder/about/data/index.html	5	literal_q	      <script async src="https //www.googletagmanager.com/gtag/js?id=G-D733JDSWR7"></script>
it-builder/about/reason/index.html	5	literal_q	      <script async src="https //www.googletagmanager.com/gtag/js?id=G-D733JDSWR7"></script>
it-builder/installation/index.html	5	literal_q	      <script async src="https //www.googletagmanager.com/gtag/js?id=G-D733JDSWR7"></script>
it-builder/installation/meisin/index.html	5	literal_q	      <script async src="https //www.googletagmanager.com/gtag/js?id=G-D733JDSWR7"></script>
it-builder/2017/index.html	5	literal_q	      <script async src="https //www.googletagmanager.com/gtag/js?id=G-D733JDSWR7"></script>
it-builder/2019/index.html	5	literal_q	      <script async src="https //www.googletagmanager.com/gtag/js?id=G-D733JDSWR7"></script>
it-builder/2020/index.html	5	literal_q	      <script async src="https //www.googletagmanager.com/gtag/js?id=G-D733JDSWR7"></script>
it-builder/2018/index.html	5	literal_q	      <script async src="https //www.googletagmanager.com/gtag/js?id=G-D733JDSWR7"></script>
it-builder/price/index.html	5	literal_q	      <script async src="https //www.googletagmanager.com/gtag/js?id=G-D733JDSWR7"></script>
it-builder/2016/index.html	5	literal_q	      <script async src="https //www.googletagmanager.com/gtag/js?id=G-D733JDSWR7"></script>
it-builder/news/news0003465/index.html	5	literal_q	      <script async src="https //www.googletagmanager.com/gtag/js?id=G-D733JDSWR7"></script>
it-builder/news/news0003465/index-from-root-p3465.html	5	literal_q	      <script async src="https //www.googletagmanager.com/gtag/js?id=G-D733JDSWR7"></script>
it-builder/news/news0003409/index.html	5	literal_q	      <script async src="https //www.googletagmanager.com/gtag/js?id=G-D733JDSWR7"></script>
it-builder/news/news0003409/index-from-root-p3409.html	5	literal_q	      <script async src="https //www.googletagmanager.com/gtag/js?id=G-D733JDSWR7"></script>
it-builder/news/news0003604/index.html	5	literal_q	      <script async src="https //www.googletagmanager.com/gtag/js?id=G-D733JDSWR7"></script>
it-builder/news/news0003604/index-from-root-p3604.html	5	literal_q	      <script async src="https //www.googletagmanager.com/gtag/js?id=G-D733JDSWR7"></script>
it-builder/news/news0004074/index.html	5	literal_q	      <script async src="https //www.googletagmanager.com/gtag/js?id=G-D733JDSWR7"></script>
it-builder/news/news0004074/index-from-root-p4074.html	5	literal_q	      <script async src="https //www.googletagmanager.com/gtag/js?id=G-D733JDSWR7"></script>
it-builder/news/news0003497/index.html	5	literal_q	      <script async src="https //www.googletagmanager.com/gtag/js?id=G-D733JDSWR7"></script>
it-builder/news/news0003497/index-from-root-p3497.html	5	literal_q	      <script async src="https //www.googletagmanager.com/gtag/js?id=G-D733JDSWR7"></script>
it-builder/news/index.html	5	literal_q	      <script async src="https //www.googletagmanager.com/gtag/js?id=G-D733JDSWR7"></script>
it-builder/news/news0002452/index.html	5	literal_q	      <script async src="https //www.googletagmanager.com/gtag/js?id=G-D733JDSWR7"></script>
it-builder/news/news0002452/index-from-root-p2452.html	5	literal_q	      <script async src="https //www.googletagmanager.com/gtag/js?id=G-D733JDSWR7"></script>
it-builder/news/news0003978/index.html	5	literal_q	      <script async src="https //www.googletagmanager.com/gtag/js?id=G-D733JDSWR7"></script>
it-builder/news/news0003978/index-from-root-p3978.html	5	literal_q	      <script async src="https //www.googletagmanager.com/gtag/js?id=G-D733JDSWR7"></script>
it-builder/news/news0002462/index.html	5	literal_q	      <script async src="https //www.googletagmanager.com/gtag/js?id=G-D733JDSWR7"></script>
it-builder/news/news0002462/index-from-root-p2462.html	5	literal_q	      <script async src="https //www.googletagmanager.com/gtag/js?id=G-D733JDSWR7"></script>
it-builder/news/news0002465/index.html	5	literal_q	      <script async src="https //www.googletagmanager.com/gtag/js?id=G-D733JDSWR7"></script>
it-builder/news/news0002465/index-from-root-p2465.html	5	literal_q	      <script async src="https //www.googletagmanager.com/gtag/js?id=G-D733JDSWR7"></script>
it-builder/news/news0003588/index.html	5	literal_q	      <script async src="https //www.googletagmanager.com/gtag/js?id=G-D733JDSWR7"></script>
it-builder/news/news0003588/index-from-root-p3588.html	5	literal_q	      <script async src="https //www.googletagmanager.com/gtag/js?id=G-D733JDSWR7"></script>
it-builder/news/news0003379/index.html	5	literal_q	      <script async src="https //www.googletagmanager.com/gtag/js?id=G-D733JDSWR7"></script>
it-builder/news/news0003379/index-from-root-p3379.html	5	literal_q	      <script async src="https //www.googletagmanager.com/gtag/js?id=G-D733JDSWR7"></script>
it-builder/news/news0002436/index.html	5	literal_q	      <script async src="https //www.googletagmanager.com/gtag/js?id=G-D733JDSWR7"></script>
it-builder/news/news0002436/index-from-root-p2436.html	5	literal_q	      <script async src="https //www.googletagmanager.com/gtag/js?id=G-D733JDSWR7"></script>
it-builder/news/news0003535/index.html	5	literal_q	      <script async src="https //www.googletagmanager.com/gtag/js?id=G-D733JDSWR7"></script>
it-builder/news/news0003535/index-from-root-p3535.html	5	literal_q	      <script async src="https //www.googletagmanager.com/gtag/js?id=G-D733JDSWR7"></script>
it-builder/news/news0003337/index.html	5	literal_q	      <script async src="https //www.googletagmanager.com/gtag/js?id=G-D733JDSWR7"></script>
it-builder/news/news0003337/index-from-root-p3337.html	5	literal_q	      <script async src="https //www.googletagmanager.com/gtag/js?id=G-D733JDSWR7"></script>
it-builder/news/news0002440/index.html	5	literal_q	      <script async src="https //www.googletagmanager.com/gtag/js?id=G-D733JDSWR7"></script>
it-builder/news/news0002440/index-from-root-p2440.html	5	literal_q	      <script async src="https //www.googletagmanager.com/gtag/js?id=G-D733JDSWR7"></script>
it-builder/news/news0003566/index.html	5	literal_q	      <script async src="https //www.googletagmanager.com/gtag/js?id=G-D733JDSWR7"></script>
it-builder/news/news0003566/index-from-root-p3566.html	5	literal_q	      <script async src="https //www.googletagmanager.com/gtag/js?id=G-D733JDSWR7"></script>
it-builder/news/news0004327/index.html	5	literal_q	      <script async src="https //www.googletagmanager.com/gtag/js?id=G-D733JDSWR7"></script>
it-builder/news/news0002449/index.html	5	literal_q	      <script async src="https //www.googletagmanager.com/gtag/js?id=G-D733JDSWR7"></script>
it-builder/news/news0002449/index-from-root-p2449.html	5	literal_q	      <script async src="https //www.googletagmanager.com/gtag/js?id=G-D733JDSWR7"></script>
it-builder/news/news0002446/index-from-root-p2446.html	5	literal_q	      <script async src="https //www.googletagmanager.com/gtag/js?id=G-D733JDSWR7"></script>
it-builder/news/news0002446/index.html	5	literal_q	      <script async src="https //www.googletagmanager.com/gtag/js?id=G-D733JDSWR7"></script>
it-builder/news/news0003402/index.html	5	literal_q	      <script async src="https //www.googletagmanager.com/gtag/js?id=G-D733JDSWR7"></script>
it-builder/news/news0003402/index-from-root-p3402.html	5	literal_q	      <script async src="https //www.googletagmanager.com/gtag/js?id=G-D733JDSWR7"></script>
it-builder/news/news0003523/index.html	5	literal_q	      <script async src="https //www.googletagmanager.com/gtag/js?id=G-D733JDSWR7"></script>
it-builder/news/news0003523/index-from-root-p3523.html	5	literal_q	      <script async src="https //www.googletagmanager.com/gtag/js?id=G-D733JDSWR7"></script>
it-builder/news/news0003515/index.html	5	literal_q	      <script async src="https //www.googletagmanager.com/gtag/js?id=G-D733JDSWR7"></script>
it-builder/news/news0003515/index-from-root-p3515.html	5	literal_q	      <script async src="https //www.googletagmanager.com/gtag/js?id=G-D733JDSWR7"></script>
it-builder/news/news0004103/index.html	5	literal_q	      <script async src="https //www.googletagmanager.com/gtag/js?id=G-D733JDSWR7"></script>
it-builder/news/news0004103/index-from-root-p4103.html	5	literal_q	      <script async src="https //www.googletagmanager.com/gtag/js?id=G-D733JDSWR7"></script>
it-builder/news/news0002456/index.html	5	literal_q	      <script async src="https //www.googletagmanager.com/gtag/js?id=G-D733JDSWR7"></script>
it-builder/news/news0002456/index-from-root-p2456.html	5	literal_q	      <script async src="https //www.googletagmanager.com/gtag/js?id=G-D733JDSWR7"></script>
it-builder/news/news0004167/index.html	5	literal_q	      <script async src="https //www.googletagmanager.com/gtag/js?id=G-D733JDSWR7"></script>
it-builder/news/news0004167/index-from-root-p4167.html	5	literal_q	      <script async src="https //www.googletagmanager.com/gtag/js?id=G-D733JDSWR7"></script>
it-builder/news/news0003124/index.html	5	literal_q	      <script async src="https //www.googletagmanager.com/gtag/js?id=G-D733JDSWR7"></script>
it-builder/news/news0003124/index-from-root-p3124.html	5	literal_q	      <script async src="https //www.googletagmanager.com/gtag/js?id=G-D733JDSWR7"></script>
it-builder/news/news0002459/index.html	5	literal_q	      <script async src="https //www.googletagmanager.com/gtag/js?id=G-D733JDSWR7"></script>
it-builder/news/news0002459/index-from-root-p2459.html	5	literal_q	      <script async src="https //www.googletagmanager.com/gtag/js?id=G-D733JDSWR7"></script>
it-builder/news/news0002443/index.html	5	literal_q	      <script async src="https //www.googletagmanager.com/gtag/js?id=G-D733JDSWR7"></script>
it-builder/news/news0002443/index-from-root-p2443.html	5	literal_q	      <script async src="https //www.googletagmanager.com/gtag/js?id=G-D733JDSWR7"></script>
it-builder/news/news0002475/index.html	5	literal_q	      <script async src="https //www.googletagmanager.com/gtag/js?id=G-D733JDSWR7"></script>
it-builder/news/news0002475/index-from-root-p2475.html	5	literal_q	      <script async src="https //www.googletagmanager.com/gtag/js?id=G-D733JDSWR7"></script>
it-builder/news/news0003305/index.html	5	literal_q	      <script async src="https //www.googletagmanager.com/gtag/js?id=G-D733JDSWR7"></script>
it-builder/news/news0003305/index-from-root-p3305.html	5	literal_q	      <script async src="https //www.googletagmanager.com/gtag/js?id=G-D733JDSWR7"></script>
it-builder/news/news0003704/index.html	5	literal_q	      <script async src="https //www.googletagmanager.com/gtag/js?id=G-D733JDSWR7"></script>
it-builder/news/news0003704/index-from-root-p3704.html	5	literal_q	      <script async src="https //www.googletagmanager.com/gtag/js?id=G-D733JDSWR7"></script>
it-builder/news/news0003367/index.html	5	literal_q	      <script async src="https //www.googletagmanager.com/gtag/js?id=G-D733JDSWR7"></script>
it-builder/news/news0003367/index-from-root-p3367.html	5	literal_q	      <script async src="https //www.googletagmanager.com/gtag/js?id=G-D733JDSWR7"></script>
it-builder/news/news0003138/index.html	5	literal_q	      <script async src="https //www.googletagmanager.com/gtag/js?id=G-D733JDSWR7"></script>
it-builder/news/news0003138/index-from-root-p3138.html	5	literal_q	      <script async src="https //www.googletagmanager.com/gtag/js?id=G-D733JDSWR7"></script>
it-builder/news/news0004203/index.html	5	literal_q	      <script async src="https //www.googletagmanager.com/gtag/js?id=G-D733JDSWR7"></script>
it-builder/news/news0004203/index-from-root-p4203.html	5	literal_q	      <script async src="https //www.googletagmanager.com/gtag/js?id=G-D733JDSWR7"></script>
it-builder/news/news0004266/index.html	5	literal_q	      <script async src="https //www.googletagmanager.com/gtag/js?id=G-D733JDSWR7"></script>
it-builder/news/news0004266/index-from-root-p4266.html	5	literal_q	      <script async src="https //www.googletagmanager.com/gtag/js?id=G-D733JDSWR7"></script>
it-builder/news/news0003625/index.html	5	literal_q	      <script async src="https //www.googletagmanager.com/gtag/js?id=G-D733JDSWR7"></script>
it-builder/news/news0003625/index-from-root-p3625.html	5	literal_q	      <script async src="https //www.googletagmanager.com/gtag/js?id=G-D733JDSWR7"></script>
it-builder/news/news0003417/index.html	5	literal_q	      <script async src="https //www.googletagmanager.com/gtag/js?id=G-D733JDSWR7"></script>
it-builder/news/news0003417/index-from-root-p3417.html	5	literal_q	      <script async src="https //www.googletagmanager.com/gtag/js?id=G-D733JDSWR7"></script>
it-builder/case/case0001247/index-from-root-p1247.html	5	literal_q	      <script async src="https //www.googletagmanager.com/gtag/js?id=G-D733JDSWR7"></script>
it-builder/case/case0001247/index-from-root-p1247.html	59	literal_q	                    <a href="https //info.it-builder.jp/app/portal/sampleAP?ID=05" target="_blank" class="downloadBtn">サンプルアプリダウンロード</a>
it-builder/case/case0001247/index.html	5	literal_q	      <script async src="https //www.googletagmanager.com/gtag/js?id=G-D733JDSWR7"></script>
it-builder/case/case0001247/index.html	59	literal_q	                    <a href="https //info.it-builder.jp/app/portal/sampleAP?ID=05" target="_blank" class="downloadBtn">サンプルアプリダウンロード</a>
it-builder/case/case0001223/index.html	5	literal_q	      <script async src="https //www.googletagmanager.com/gtag/js?id=G-D733JDSWR7"></script>
it-builder/case/case0001223/index.html	59	literal_q	                    <a href="https //info.it-builder.jp/app/portal/sampleAP?ID=13" target="_blank" class="downloadBtn">サンプルアプリダウンロード</a>
it-builder/case/case0001223/index.html	127	literal_q	                    <iframe src="https //www.youtube.com/embed/VFx8fwCLBSo?rel=0" allow="autoplay; encrypted-media" class="video__iframe" allowfullscreen></iframe>
it-builder/case/case0001223/index-from-root-p1223.html	5	literal_q	      <script async src="https //www.googletagmanager.com/gtag/js?id=G-D733JDSWR7"></script>
it-builder/case/case0001223/index-from-root-p1223.html	59	literal_q	                    <a href="https //info.it-builder.jp/app/portal/sampleAP?ID=13" target="_blank" class="downloadBtn">サンプルアプリダウンロード</a>
it-builder/case/case0001223/index-from-root-p1223.html	127	literal_q	                    <iframe src="https //www.youtube.com/embed/VFx8fwCLBSo?rel=0" allow="autoplay; encrypted-media" class="video__iframe" allowfullscreen></iframe>
it-builder/case/index.html	5	literal_q	      <script async src="https //www.googletagmanager.com/gtag/js?id=G-D733JDSWR7"></script>
it-builder/case/case0001164/index.html	5	literal_q	      <script async src="https //www.googletagmanager.com/gtag/js?id=G-D733JDSWR7"></script>
it-builder/case/case0001164/index-from-root-p1164.html	5	literal_q	      <script async src="https //www.googletagmanager.com/gtag/js?id=G-D733JDSWR7"></script>
it-builder/case/case0001190/index.html	5	literal_q	      <script async src="https //www.googletagmanager.com/gtag/js?id=G-D733JDSWR7"></script>
it-builder/case/case0001190/index.html	63	literal_q	                    <a href="https //info.it-builder.jp/app/portal/sampleAP?ID=23" target="_blank" class="downloadBtn">サンプルアプリダウンロード</a>
it-builder/case/case0001190/index-from-root-p1190.html	5	literal_q	      <script async src="https //www.googletagmanager.com/gtag/js?id=G-D733JDSWR7"></script>
it-builder/case/case0001190/index-from-root-p1190.html	63	literal_q	                    <a href="https //info.it-builder.jp/app/portal/sampleAP?ID=23" target="_blank" class="downloadBtn">サンプルアプリダウンロード</a>
it-builder/case/case0001196/index-from-root-p1196.html	5	literal_q	      <script async src="https //www.googletagmanager.com/gtag/js?id=G-D733JDSWR7"></script>
it-builder/case/case0001196/index-from-root-p1196.html	59	literal_q	                    <a href="https //info.it-builder.jp/app/portal/sampleAP?ID=21" target="_blank" class="downloadBtn">サンプルアプリダウンロード</a>
it-builder/case/case0001196/index.html	5	literal_q	      <script async src="https //www.googletagmanager.com/gtag/js?id=G-D733JDSWR7"></script>
it-builder/case/case0001196/index.html	59	literal_q	                    <a href="https //info.it-builder.jp/app/portal/sampleAP?ID=21" target="_blank" class="downloadBtn">サンプルアプリダウンロード</a>
it-builder/case/case0001171/index.html	5	literal_q	      <script async src="https //www.googletagmanager.com/gtag/js?id=G-D733JDSWR7"></script>
it-builder/case/case0001171/index.html	59	literal_q	                    <a href="https //info.it-builder.jp/app/portal/sampleAP?ID=28" target="_blank" class="downloadBtn">サンプルアプリダウンロード</a>
it-builder/case/case0001171/index-from-root-p1171.html	5	literal_q	      <script async src="https //www.googletagmanager.com/gtag/js?id=G-D733JDSWR7"></script>
it-builder/case/case0001171/index-from-root-p1171.html	59	literal_q	                    <a href="https //info.it-builder.jp/app/portal/sampleAP?ID=28" target="_blank" class="downloadBtn">サンプルアプリダウンロード</a>
it-builder/case/case0001178/index.html	5	literal_q	      <script async src="https //www.googletagmanager.com/gtag/js?id=G-D733JDSWR7"></script>
it-builder/case/case0001178/index.html	59	literal_q	                    <a href="https //info.it-builder.jp/app/portal/sampleAP?ID=26" target="_blank" class="downloadBtn">サンプルアプリダウンロード</a>
it-builder/case/case0001178/index.html	115	literal_q	                    <iframe src="https //www.youtube.com/embed/PHMGo6nR0j4?rel=0" allow="autoplay; encrypted-media" class="video__iframe" allowfullscreen></iframe>
it-builder/case/case0001178/index-from-root-p1178.html	5	literal_q	      <script async src="https //www.googletagmanager.com/gtag/js?id=G-D733JDSWR7"></script>
it-builder/case/case0001178/index-from-root-p1178.html	59	literal_q	                    <a href="https //info.it-builder.jp/app/portal/sampleAP?ID=26" target="_blank" class="downloadBtn">サンプルアプリダウンロード</a>
it-builder/case/case0001178/index-from-root-p1178.html	115	literal_q	                    <iframe src="https //www.youtube.com/embed/PHMGo6nR0j4?rel=0" allow="autoplay; encrypted-media" class="video__iframe" allowfullscreen></iframe>
it-builder/case/case0001208/index.html	5	literal_q	      <script async src="https //www.googletagmanager.com/gtag/js?id=G-D733JDSWR7"></script>
it-builder/case/case0001208/index.html	59	literal_q	                    <a href="https //info.it-builder.jp/app/portal/sampleAP?ID=18" target="_blank" class="downloadBtn">サンプルアプリダウンロード</a>
it-builder/case/case0001208/index-from-root-p1208.html	5	literal_q	      <script async src="https //www.googletagmanager.com/gtag/js?id=G-D733JDSWR7"></script>
it-builder/case/case0001208/index-from-root-p1208.html	59	literal_q	                    <a href="https //info.it-builder.jp/app/portal/sampleAP?ID=18" target="_blank" class="downloadBtn">サンプルアプリダウンロード</a>
it-builder/case/case0001253/index.html	5	literal_q	      <script async src="https //www.googletagmanager.com/gtag/js?id=G-D733JDSWR7"></script>
it-builder/case/case0001253/index.html	63	literal_q	                    <a href="https //info.it-builder.jp/app/portal/sampleAP?ID=03" target="_blank" class="downloadBtn">サンプルアプリダウンロード</a>
it-builder/case/case0001253/index.html	135	literal_q	                    <iframe src="https //www.youtube.com/embed/WJ5HBYauscA?rel=0" allow="autoplay; encrypted-media" class="video__iframe" allowfullscreen></iframe>
it-builder/case/case0001253/index-from-root-p1253.html	5	literal_q	      <script async src="https //www.googletagmanager.com/gtag/js?id=G-D733JDSWR7"></script>
it-builder/case/case0001253/index-from-root-p1253.html	63	literal_q	                    <a href="https //info.it-builder.jp/app/portal/sampleAP?ID=03" target="_blank" class="downloadBtn">サンプルアプリダウンロード</a>
it-builder/case/case0001253/index-from-root-p1253.html	135	literal_q	                    <iframe src="https //www.youtube.com/embed/WJ5HBYauscA?rel=0" allow="autoplay; encrypted-media" class="video__iframe" allowfullscreen></iframe>
it-builder/case/case0001238/index.html	5	literal_q	      <script async src="https //www.googletagmanager.com/gtag/js?id=G-D733JDSWR7"></script>
it-builder/case/case0001238/index.html	59	literal_q	                    <a href="https //info.it-builder.jp/app/portal/sampleAP?ID=08" target="_blank" class="downloadBtn">サンプルアプリダウンロード</a>
it-builder/case/case0001238/index-from-root-p1238.html	5	literal_q	      <script async src="https //www.googletagmanager.com/gtag/js?id=G-D733JDSWR7"></script>
it-builder/case/case0001238/index-from-root-p1238.html	59	literal_q	                    <a href="https //info.it-builder.jp/app/portal/sampleAP?ID=08" target="_blank" class="downloadBtn">サンプルアプリダウンロード</a>
it-builder/case/case0001244/index.html	5	literal_q	      <script async src="https //www.googletagmanager.com/gtag/js?id=G-D733JDSWR7"></script>
it-builder/case/case0001244/index.html	59	literal_q	                    <a href="https //info.it-builder.jp/app/portal/sampleAP?ID=06" target="_blank" class="downloadBtn">サンプルアプリダウンロード</a>
it-builder/case/case0001244/index-from-root-p1244.html	5	literal_q	      <script async src="https //www.googletagmanager.com/gtag/js?id=G-D733JDSWR7"></script>
it-builder/case/case0001244/index-from-root-p1244.html	59	literal_q	                    <a href="https //info.it-builder.jp/app/portal/sampleAP?ID=06" target="_blank" class="downloadBtn">サンプルアプリダウンロード</a>
it-builder/case/case0001217/index.html	5	literal_q	      <script async src="https //www.googletagmanager.com/gtag/js?id=G-D733JDSWR7"></script>
it-builder/case/case0001217/index.html	63	literal_q	                    <a href="https //info.it-builder.jp/app/portal/sampleAP?ID=15" target="_blank" class="downloadBtn">サンプルアプリダウンロード</a>
it-builder/case/case0001217/index-from-root-p1217.html	5	literal_q	      <script async src="https //www.googletagmanager.com/gtag/js?id=G-D733JDSWR7"></script>
it-builder/case/case0001217/index-from-root-p1217.html	63	literal_q	                    <a href="https //info.it-builder.jp/app/portal/sampleAP?ID=15" target="_blank" class="downloadBtn">サンプルアプリダウンロード</a>
it-builder/case/case0001226/index.html	5	literal_q	      <script async src="https //www.googletagmanager.com/gtag/js?id=G-D733JDSWR7"></script>
it-builder/case/case0001226/index.html	63	literal_q	                    <a href="https //info.it-builder.jp/app/portal/sampleAP?ID=12" target="_blank" class="downloadBtn">サンプルアプリダウンロード</a>
it-builder/case/case0001226/index-from-root-p1226.html	5	literal_q	      <script async src="https //www.googletagmanager.com/gtag/js?id=G-D733JDSWR7"></script>
it-builder/case/case0001226/index-from-root-p1226.html	63	literal_q	                    <a href="https //info.it-builder.jp/app/portal/sampleAP?ID=12" target="_blank" class="downloadBtn">サンプルアプリダウンロード</a>
it-builder/case/case0001220/index.html	5	literal_q	      <script async src="https //www.googletagmanager.com/gtag/js?id=G-D733JDSWR7"></script>
it-builder/case/case0001220/index.html	59	literal_q	                    <a href="https //info.it-builder.jp/app/portal/sampleAP?ID=14" target="_blank" class="downloadBtn">サンプルアプリダウンロード</a>
it-builder/case/case0001220/index-from-root-p1220.html	5	literal_q	      <script async src="https //www.googletagmanager.com/gtag/js?id=G-D733JDSWR7"></script>
it-builder/case/case0001220/index-from-root-p1220.html	59	literal_q	                    <a href="https //info.it-builder.jp/app/portal/sampleAP?ID=14" target="_blank" class="downloadBtn">サンプルアプリダウンロード</a>
it-builder/case/case0001211/index-from-root-p1211.html	5	literal_q	      <script async src="https //www.googletagmanager.com/gtag/js?id=G-D733JDSWR7"></script>
it-builder/case/case0001211/index-from-root-p1211.html	59	literal_q	                    <a href="https //info.it-builder.jp/app/portal/sampleAP?ID=17" target="_blank" class="downloadBtn">サンプルアプリダウンロード</a>
it-builder/case/case0001211/index.html	5	literal_q	      <script async src="https //www.googletagmanager.com/gtag/js?id=G-D733JDSWR7"></script>
it-builder/case/case0001211/index.html	59	literal_q	                    <a href="https //info.it-builder.jp/app/portal/sampleAP?ID=17" target="_blank" class="downloadBtn">サンプルアプリダウンロード</a>
it-builder/case/case0001193/index.html	5	literal_q	      <script async src="https //www.googletagmanager.com/gtag/js?id=G-D733JDSWR7"></script>
it-builder/case/case0001193/index.html	63	literal_q	                    <a href="https //info.it-builder.jp/app/portal/sampleAP?ID=22" target="_blank" class="downloadBtn">サンプルアプリダウンロード</a>
it-builder/case/case0001193/index-from-root-p1193.html	5	literal_q	      <script async src="https //www.googletagmanager.com/gtag/js?id=G-D733JDSWR7"></script>
it-builder/case/case0001193/index-from-root-p1193.html	63	literal_q	                    <a href="https //info.it-builder.jp/app/portal/sampleAP?ID=22" target="_blank" class="downloadBtn">サンプルアプリダウンロード</a>
it-builder/case/case0001181/index-from-root-p1181.html	5	literal_q	      <script async src="https //www.googletagmanager.com/gtag/js?id=G-D733JDSWR7"></script>
it-builder/case/case0001181/index-from-root-p1181.html	59	literal_q	                    <a href="https //info.it-builder.jp/app/portal/sampleAP?ID=25" target="_blank" class="downloadBtn">サンプルアプリダウンロード</a>
it-builder/case/case0001181/index.html	5	literal_q	      <script async src="https //www.googletagmanager.com/gtag/js?id=G-D733JDSWR7"></script>
it-builder/case/case0001181/index.html	59	literal_q	                    <a href="https //info.it-builder.jp/app/portal/sampleAP?ID=25" target="_blank" class="downloadBtn">サンプルアプリダウンロード</a>
it-builder/case/case0001187/index.html	5	literal_q	      <script async src="https //www.googletagmanager.com/gtag/js?id=G-D733JDSWR7"></script>
it-builder/case/case0001187/index.html	59	literal_q	                    <a href="https //info.it-builder.jp/app/portal/sampleAP?ID=24" target="_blank" class="downloadBtn">サンプルアプリダウンロード</a>
it-builder/case/case0001187/index-from-root-p1187.html	5	literal_q	      <script async src="https //www.googletagmanager.com/gtag/js?id=G-D733JDSWR7"></script>
it-builder/case/case0001187/index-from-root-p1187.html	59	literal_q	                    <a href="https //info.it-builder.jp/app/portal/sampleAP?ID=24" target="_blank" class="downloadBtn">サンプルアプリダウンロード</a>
it-builder/case/case0001174/index.html	5	literal_q	      <script async src="https //www.googletagmanager.com/gtag/js?id=G-D733JDSWR7"></script>
it-builder/case/case0001174/index.html	59	literal_q	                    <a href="https //info.it-builder.jp/app/portal/sampleAP?ID=27" target="_blank" class="downloadBtn">サンプルアプリダウンロード</a>
it-builder/case/case0001174/index-from-root-p1174.html	5	literal_q	      <script async src="https //www.googletagmanager.com/gtag/js?id=G-D733JDSWR7"></script>
it-builder/case/case0001174/index-from-root-p1174.html	59	literal_q	                    <a href="https //info.it-builder.jp/app/portal/sampleAP?ID=27" target="_blank" class="downloadBtn">サンプルアプリダウンロード</a>
it-builder/case/case0001205/index.html	5	literal_q	      <script async src="https //www.googletagmanager.com/gtag/js?id=G-D733JDSWR7"></script>
it-builder/case/case0001205/index.html	59	literal_q	                    <a href="https //info.it-builder.jp/app/portal/sampleAP?ID=19" target="_blank" class="downloadBtn">サンプルアプリダウンロード</a>
it-builder/case/case0001205/index-from-root-p1205.html	5	literal_q	      <script async src="https //www.googletagmanager.com/gtag/js?id=G-D733JDSWR7"></script>
it-builder/case/case0001205/index-from-root-p1205.html	59	literal_q	                    <a href="https //info.it-builder.jp/app/portal/sampleAP?ID=19" target="_blank" class="downloadBtn">サンプルアプリダウンロード</a>
it-builder/case/case0001202/index.html	5	literal_q	      <script async src="https //www.googletagmanager.com/gtag/js?id=G-D733JDSWR7"></script>
it-builder/case/case0001202/index.html	63	literal_q	                    <a href="https //info.it-builder.jp/app/portal/sampleAP?ID=20" target="_blank" class="downloadBtn">サンプルアプリダウンロード</a>
it-builder/case/case0001202/index.html	127	literal_q	                    <iframe src="https //www.youtube.com/embed/1en-XdtfA80?rel=0" allow="autoplay; encrypted-media" class="video__iframe" allowfullscreen></iframe>
it-builder/case/case0001202/index-from-root-p1202.html	5	literal_q	      <script async src="https //www.googletagmanager.com/gtag/js?id=G-D733JDSWR7"></script>
it-builder/case/case0001202/index-from-root-p1202.html	63	literal_q	                    <a href="https //info.it-builder.jp/app/portal/sampleAP?ID=20" target="_blank" class="downloadBtn">サンプルアプリダウンロード</a>
it-builder/case/case0001202/index-from-root-p1202.html	127	literal_q	                    <iframe src="https //www.youtube.com/embed/1en-XdtfA80?rel=0" allow="autoplay; encrypted-media" class="video__iframe" allowfullscreen></iframe>
it-builder/case/case0001256/index.html	5	literal_q	      <script async src="https //www.googletagmanager.com/gtag/js?id=G-D733JDSWR7"></script>
it-builder/case/case0001256/index.html	59	literal_q	                    <a href="https //info.it-builder.jp/app/portal/sampleAP?ID=02" target="_blank" class="downloadBtn">サンプルアプリダウンロード</a>
it-builder/case/case0001256/index-from-root-p1256.html	5	literal_q	      <script async src="https //www.googletagmanager.com/gtag/js?id=G-D733JDSWR7"></script>
it-builder/case/case0001256/index-from-root-p1256.html	59	literal_q	                    <a href="https //info.it-builder.jp/app/portal/sampleAP?ID=02" target="_blank" class="downloadBtn">サンプルアプリダウンロード</a>
it-builder/case/case0001232/index.html	5	literal_q	      <script async src="https //www.googletagmanager.com/gtag/js?id=G-D733JDSWR7"></script>
it-builder/case/case0001232/index.html	59	literal_q	                    <a href="https //info.it-builder.jp/app/portal/sampleAP?ID=10" target="_blank" class="downloadBtn">サンプルアプリダウンロード</a>
it-builder/case/case0001232/index-from-root-p1232.html	5	literal_q	      <script async src="https //www.googletagmanager.com/gtag/js?id=G-D733JDSWR7"></script>
it-builder/case/case0001232/index-from-root-p1232.html	59	literal_q	                    <a href="https //info.it-builder.jp/app/portal/sampleAP?ID=10" target="_blank" class="downloadBtn">サンプルアプリダウンロード</a>
it-builder/case/case0001235/index.html	5	literal_q	      <script async src="https //www.googletagmanager.com/gtag/js?id=G-D733JDSWR7"></script>
it-builder/case/case0001235/index.html	59	literal_q	                    <a href="https //info.it-builder.jp/app/portal/sampleAP?ID=09" target="_blank" class="downloadBtn">サンプルアプリダウンロード</a>
it-builder/case/case0001235/index-from-root-p1235.html	5	literal_q	      <script async src="https //www.googletagmanager.com/gtag/js?id=G-D733JDSWR7"></script>
it-builder/case/case0001235/index-from-root-p1235.html	59	literal_q	                    <a href="https //info.it-builder.jp/app/portal/sampleAP?ID=09" target="_blank" class="downloadBtn">サンプルアプリダウンロード</a>
it-builder/case/case0001259/index.html	5	literal_q	      <script async src="https //www.googletagmanager.com/gtag/js?id=G-D733JDSWR7"></script>
it-builder/case/case0001259/index.html	59	literal_q	                    <a href="https //info.it-builder.jp/app/portal/sampleAP?ID=01" target="_blank" class="downloadBtn">サンプルアプリダウンロード</a>
it-builder/case/case0001259/index-from-root-p1259.html	5	literal_q	      <script async src="https //www.googletagmanager.com/gtag/js?id=G-D733JDSWR7"></script>
it-builder/case/case0001259/index-from-root-p1259.html	59	literal_q	                    <a href="https //info.it-builder.jp/app/portal/sampleAP?ID=01" target="_blank" class="downloadBtn">サンプルアプリダウンロード</a>
it-builder/case/case0001250/index-from-root-p1250.html	5	literal_q	      <script async src="https //www.googletagmanager.com/gtag/js?id=G-D733JDSWR7"></script>
it-builder/case/case0001250/index-from-root-p1250.html	59	literal_q	                    <a href="https //info.it-builder.jp/app/portal/sampleAP?ID=04" target="_blank" class="downloadBtn">サンプルアプリダウンロード</a>
it-builder/case/case0001250/index.html	5	literal_q	      <script async src="https //www.googletagmanager.com/gtag/js?id=G-D733JDSWR7"></script>
it-builder/case/case0001250/index.html	59	literal_q	                    <a href="https //info.it-builder.jp/app/portal/sampleAP?ID=04" target="_blank" class="downloadBtn">サンプルアプリダウンロード</a>
it-builder/wp-content/themes/itbuilder-theme/resource/css/top.css?=1.0.1.css	1	literal_q	  @import url('https //fonts.googleapis.com/css?family=Barlow 400,500,600');
it-builder/wp-content/themes/itbuilder-theme/resource/css/common.css?=1.2.2.css	2	literal_q	  @import url('https //fonts.googleapis.com/css?family=Barlow 400,500,600');
it-builder/2022/index.html	20	enc_q	      <link rel="stylesheet" href="/it-builder/wp-includes/css/dist/block-library/style.min.css%3Fver=6.1.7.css" type="text/css" media="all" />
it-builder/2022/index.html	21	enc_q	      <link rel="stylesheet" href="/it-builder/wp-includes/css/classic-themes.min.css%3Fver=1.css" type="text/css" media="all" />
it-builder/2022/index.html	23	enc_q	      <link rel="stylesheet" id="slick_style-css" href="/it-builder/wp-content/plugins/lw-wae-contents-editor/aos/slick.css%3Fver=6.1.7.css" type="text/css" media="all" />
it-builder/2022/index.html	25	enc_q	      <link type="application/rsd+xml" title="RSD" href="/it-builder/xmlrpc.php%3Frsd" />
it-builder/2022/index.html	32	enc_q	      <link rel="stylesheet" href="/it-builder/wp-content/themes/itbuilder-theme/resource/css/common.css%3F=1.2.2.css" />
it-builder/2022/index.html	33	enc_q	      <link rel="stylesheet" media="print" href="/it-builder/wp-content/themes/itbuilder-theme/resource/css/print.css%3Fvar=0.1.css" />
it-builder/2022/index.html	134	enc_q	      <script type="text/javascript" src="/it-builder/wp-content/plugins/lw-wae-contents-editor/js/wae-section.js%3Fver=1.1" id="wae_front_script-js"></script>
it-builder/2022/index.html	135	enc_q	      <script type="text/javascript" src="/it-builder/wp-content/plugins/lw-wae-contents-editor/js/library.js%3Fver=1.1" id="wae_library_script-js"></script>
it-builder/2024/index.html	20	enc_q	      <link rel="stylesheet" href="/it-builder/wp-includes/css/dist/block-library/style.min.css%3Fver=6.1.7.css" type="text/css" media="all" />
it-builder/2024/index.html	21	enc_q	      <link rel="stylesheet" href="/it-builder/wp-includes/css/classic-themes.min.css%3Fver=1.css" type="text/css" media="all" />
it-builder/2024/index.html	23	enc_q	      <link rel="stylesheet" id="slick_style-css" href="/it-builder/wp-content/plugins/lw-wae-contents-editor/aos/slick.css%3Fver=6.1.7.css" type="text/css" media="all" />
it-builder/2024/index.html	25	enc_q	      <link type="application/rsd+xml" title="RSD" href="/it-builder/xmlrpc.php%3Frsd" />
it-builder/2024/index.html	32	enc_q	      <link rel="stylesheet" href="/it-builder/wp-content/themes/itbuilder-theme/resource/css/common.css%3F=1.2.2.css" />
it-builder/2024/index.html	33	enc_q	      <link rel="stylesheet" media="print" href="/it-builder/wp-content/themes/itbuilder-theme/resource/css/print.css%3Fvar=0.1.css" />
it-builder/2024/index.html	94	enc_q	      <script type="text/javascript" src="/it-builder/wp-content/plugins/lw-wae-contents-editor/js/wae-section.js%3Fver=1.1" id="wae_front_script-js"></script>
it-builder/2024/index.html	95	enc_q	      <script type="text/javascript" src="/it-builder/wp-content/plugins/lw-wae-contents-editor/js/library.js%3Fver=1.1" id="wae_library_script-js"></script>
it-builder/2023/index.html	20	enc_q	      <link rel="stylesheet" href="/it-builder/wp-includes/css/dist/block-library/style.min.css%3Fver=6.1.7.css" type="text/css" media="all" />
it-builder/2023/index.html	21	enc_q	      <link rel="stylesheet" href="/it-builder/wp-includes/css/classic-themes.min.css%3Fver=1.css" type="text/css" media="all" />
it-builder/2023/index.html	23	enc_q	      <link rel="stylesheet" id="slick_style-css" href="/it-builder/wp-content/plugins/lw-wae-contents-editor/aos/slick.css%3Fver=6.1.7.css" type="text/css" media="all" />
it-builder/2023/index.html	25	enc_q	      <link type="application/rsd+xml" title="RSD" href="/it-builder/xmlrpc.php%3Frsd" />
it-builder/2023/index.html	32	enc_q	      <link rel="stylesheet" href="/it-builder/wp-content/themes/itbuilder-theme/resource/css/common.css%3F=1.2.2.css" />
it-builder/2023/index.html	33	enc_q	      <link rel="stylesheet" media="print" href="/it-builder/wp-content/themes/itbuilder-theme/resource/css/print.css%3Fvar=0.1.css" />
it-builder/2023/index.html	94	enc_q	      <script type="text/javascript" src="/it-builder/wp-content/plugins/lw-wae-contents-editor/js/wae-section.js%3Fver=1.1" id="wae_front_script-js"></script>
it-builder/2023/index.html	95	enc_q	      <script type="text/javascript" src="/it-builder/wp-content/plugins/lw-wae-contents-editor/js/library.js%3Fver=1.1" id="wae_library_script-js"></script>
it-builder/case0001241/index.html	19	enc_q	      <link rel="stylesheet" href="/it-builder/wp-includes/css/dist/block-library/style.min.css%3Fver=6.1.7.css" type="text/css" media="all" />
it-builder/case0001241/index.html	20	enc_q	      <link rel="stylesheet" href="/it-builder/wp-includes/css/classic-themes.min.css%3Fver=1.css" type="text/css" media="all" />
it-builder/case0001241/index.html	22	enc_q	      <link rel="stylesheet" id="slick_style-css" href="/it-builder/wp-content/plugins/lw-wae-contents-editor/aos/slick.css%3Fver=6.1.7.css" type="text/css" media="all" />
it-builder/case0001241/index.html	24	enc_q	      <link type="application/rsd+xml" title="RSD" href="/it-builder/xmlrpc.php%3Frsd" />
it-builder/case0001241/index.html	34	enc_q	      <link rel="stylesheet" href="/it-builder/wp-content/themes/itbuilder-theme/resource/css/common.css%3F=1.2.2.css" />
it-builder/case0001241/index.html	35	enc_q	      <link rel="stylesheet" media="print" href="/it-builder/wp-content/themes/itbuilder-theme/resource/css/print.css%3Fvar=0.1.css" />
it-builder/case0001241/index.html	141	enc_q	      <script type="text/javascript" src="/it-builder/wp-content/plugins/lw-wae-contents-editor/js/wae-section.js%3Fver=1.1" id="wae_front_script-js"></script>
it-builder/case0001241/index.html	142	enc_q	      <script type="text/javascript" src="/it-builder/wp-content/plugins/lw-wae-contents-editor/js/library.js%3Fver=1.1" id="wae_library_script-js"></script>
it-builder/index.html	19	enc_q	      <link rel="stylesheet" id="slick_style-css" href="/it-builder/wp-content/plugins/lw-wae-contents-editor/aos/slick.css%3Fver=6.1.7.css" type="text/css" media="all" />
it-builder/index.html	26	enc_q	      <link rel="stylesheet" href="/it-builder/wp-content/themes/itbuilder-theme/resource/css/common.css%3F=1.2.2.css" />
it-builder/index.html	27	enc_q	      <link rel="stylesheet" href="/it-builder/wp-content/themes/itbuilder-theme/resource/css/top.css%3F=1.0.1.css" />
it-builder/index.html	28	enc_q	      <link rel="stylesheet" media="print" href="/it-builder/wp-content/themes/itbuilder-theme/resource/css/print.css%3Fvar=0.1.css" />
it-builder/index.html	1024	enc_q	      <script type="text/javascript" src="/it-builder/wp-content/plugins/lw-wae-contents-editor/js/wae-section.js%3Fver=1.1" id="wae_front_script-js"></script>
it-builder/index.html	1025	enc_q	      <script type="text/javascript" src="/it-builder/wp-content/plugins/lw-wae-contents-editor/js/library.js%3Fver=1.1" id="wae_library_script-js"></script>
it-builder/sitepolicy/index.html	19	enc_q	      <link rel="stylesheet" href="/it-builder/wp-includes/css/dist/block-library/style.min.css%3Fver=6.1.7.css" type="text/css" media="all" />
it-builder/sitepolicy/index.html	20	enc_q	      <link rel="stylesheet" href="/it-builder/wp-includes/css/classic-themes.min.css%3Fver=1.css" type="text/css" media="all" />
it-builder/sitepolicy/index.html	22	enc_q	      <link rel="stylesheet" id="slick_style-css" href="/it-builder/wp-content/plugins/lw-wae-contents-editor/aos/slick.css%3Fver=6.1.7.css" type="text/css" media="all" />
it-builder/sitepolicy/index.html	25	enc_q	      <link type="application/rsd+xml" title="RSD" href="/it-builder/xmlrpc.php%3Frsd" />
it-builder/sitepolicy/index.html	35	enc_q	      <link rel="stylesheet" href="/it-builder/wp-content/themes/itbuilder-theme/resource/css/common.css%3F=1.2.2.css" />
it-builder/sitepolicy/index.html	36	enc_q	      <link rel="stylesheet" media="print" href="/it-builder/wp-content/themes/itbuilder-theme/resource/css/print.css%3Fvar=0.1.css" />
it-builder/sitepolicy/index.html	205	enc_q	      <script type="text/javascript" src="/it-builder/wp-content/plugins/lw-wae-contents-editor/js/wae-section.js%3Fver=1.1" id="wae_front_script-js"></script>
it-builder/sitepolicy/index.html	206	enc_q	      <script type="text/javascript" src="/it-builder/wp-content/plugins/lw-wae-contents-editor/js/library.js%3Fver=1.1" id="wae_library_script-js"></script>
it-builder/join/index.html	19	enc_q	      <link rel="stylesheet" href="/it-builder/wp-includes/css/dist/block-library/style.min.css%3Fver=6.1.7.css" type="text/css" media="all" />
it-builder/join/index.html	20	enc_q	      <link rel="stylesheet" href="/it-builder/wp-includes/css/classic-themes.min.css%3Fver=1.css" type="text/css" media="all" />
it-builder/join/index.html	22	enc_q	      <link rel="stylesheet" id="slick_style-css" href="/it-builder/wp-content/plugins/lw-wae-contents-editor/aos/slick.css%3Fver=6.1.7.css" type="text/css" media="all" />
it-builder/join/index.html	25	enc_q	      <link type="application/rsd+xml" title="RSD" href="/it-builder/xmlrpc.php%3Frsd" />
it-builder/join/index.html	35	enc_q	      <link rel="stylesheet" href="/it-builder/wp-content/themes/itbuilder-theme/resource/css/common.css%3F=1.2.2.css" />
it-builder/join/index.html	36	enc_q	      <link rel="stylesheet" media="print" href="/it-builder/wp-content/themes/itbuilder-theme/resource/css/print.css%3Fvar=0.1.css" />
it-builder/join/index.html	502	enc_q	      <script type="text/javascript" src="/it-builder/wp-content/plugins/lw-wae-contents-editor/js/wae-section.js%3Fver=1.1" id="wae_front_script-js"></script>
it-builder/join/index.html	503	enc_q	      <script type="text/javascript" src="/it-builder/wp-content/plugins/lw-wae-contents-editor/js/library.js%3Fver=1.1" id="wae_library_script-js"></script>
it-builder/_orphans/p-10.html	19	enc_q	      <link rel="stylesheet" href="/it-builder/wp-includes/css/dist/block-library/style.min.css%3Fver=6.1.7.css" type="text/css" media="all" />
it-builder/_orphans/p-10.html	20	enc_q	      <link rel="stylesheet" href="/it-builder/wp-includes/css/classic-themes.min.css%3Fver=1.css" type="text/css" media="all" />
it-builder/_orphans/p-10.html	22	enc_q	      <link rel="stylesheet" id="slick_style-css" href="/it-builder/wp-content/plugins/lw-wae-contents-editor/aos/slick.css%3Fver=6.1.7.css" type="text/css" media="all" />
it-builder/_orphans/p-10.html	25	enc_q	      <link type="application/rsd+xml" title="RSD" href="/it-builder/xmlrpc.php%3Frsd" />
it-builder/_orphans/p-10.html	35	enc_q	      <link rel="stylesheet" href="/it-builder/wp-content/themes/itbuilder-theme/resource/css/common.css%3F=1.2.2.css" />
it-builder/_orphans/p-10.html	36	enc_q	      <link rel="stylesheet" media="print" href="/it-builder/wp-content/themes/itbuilder-theme/resource/css/print.css%3Fvar=0.1.css" />
it-builder/_orphans/p-10.html	773	enc_q	      <script type="text/javascript" src="/it-builder/wp-content/plugins/lw-wae-contents-editor/js/wae-section.js%3Fver=1.1" id="wae_front_script-js"></script>
it-builder/_orphans/p-10.html	774	enc_q	      <script type="text/javascript" src="/it-builder/wp-content/plugins/lw-wae-contents-editor/js/library.js%3Fver=1.1" id="wae_library_script-js"></script>
it-builder/_orphans/p-11.html	19	enc_q	      <link rel="stylesheet" href="/it-builder/wp-includes/css/dist/block-library/style.min.css%3Fver=6.1.7.css" type="text/css" media="all" />
it-builder/_orphans/p-11.html	20	enc_q	      <link rel="stylesheet" href="/it-builder/wp-includes/css/classic-themes.min.css%3Fver=1.css" type="text/css" media="all" />
it-builder/_orphans/p-11.html	22	enc_q	      <link rel="stylesheet" id="slick_style-css" href="/it-builder/wp-content/plugins/lw-wae-contents-editor/aos/slick.css%3Fver=6.1.7.css" type="text/css" media="all" />
it-builder/_orphans/p-11.html	25	enc_q	      <link type="application/rsd+xml" title="RSD" href="/it-builder/xmlrpc.php%3Frsd" />
it-builder/_orphans/p-11.html	35	enc_q	      <link rel="stylesheet" href="/it-builder/wp-content/themes/itbuilder-theme/resource/css/common.css%3F=1.2.2.css" />
it-builder/_orphans/p-11.html	36	enc_q	      <link rel="stylesheet" media="print" href="/it-builder/wp-content/themes/itbuilder-theme/resource/css/print.css%3Fvar=0.1.css" />
it-builder/_orphans/p-11.html	1125	enc_q	      <script type="text/javascript" src="/it-builder/wp-content/plugins/lw-wae-contents-editor/js/wae-section.js%3Fver=1.1" id="wae_front_script-js"></script>
it-builder/_orphans/p-11.html	1126	enc_q	      <script type="text/javascript" src="/it-builder/wp-content/plugins/lw-wae-contents-editor/js/library.js%3Fver=1.1" id="wae_library_script-js"></script>
it-builder/_orphans/p-250.html	19	enc_q	      <link rel="stylesheet" href="/it-builder/wp-includes/css/dist/block-library/style.min.css%3Fver=6.1.7.css" type="text/css" media="all" />
it-builder/_orphans/p-250.html	20	enc_q	      <link rel="stylesheet" href="/it-builder/wp-includes/css/classic-themes.min.css%3Fver=1.css" type="text/css" media="all" />
it-builder/_orphans/p-250.html	22	enc_q	      <link rel="stylesheet" id="slick_style-css" href="/it-builder/wp-content/plugins/lw-wae-contents-editor/aos/slick.css%3Fver=6.1.7.css" type="text/css" media="all" />
it-builder/_orphans/p-250.html	25	enc_q	      <link type="application/rsd+xml" title="RSD" href="/it-builder/xmlrpc.php%3Frsd" />
it-builder/_orphans/p-250.html	35	enc_q	      <link rel="stylesheet" href="/it-builder/wp-content/themes/itbuilder-theme/resource/css/common.css%3F=1.2.2.css" />
it-builder/_orphans/p-250.html	36	enc_q	      <link rel="stylesheet" media="print" href="/it-builder/wp-content/themes/itbuilder-theme/resource/css/print.css%3Fvar=0.1.css" />
it-builder/_orphans/p-250.html	123	enc_q	      <script type="text/javascript" src="/it-builder/wp-content/plugins/lw-wae-contents-editor/js/wae-section.js%3Fver=1.1" id="wae_front_script-js"></script>
it-builder/_orphans/p-250.html	124	enc_q	      <script type="text/javascript" src="/it-builder/wp-content/plugins/lw-wae-contents-editor/js/library.js%3Fver=1.1" id="wae_library_script-js"></script>
it-builder/_orphans/p-9.html	19	enc_q	      <link rel="stylesheet" href="/it-builder/wp-includes/css/dist/block-library/style.min.css%3Fver=6.1.7.css" type="text/css" media="all" />
it-builder/_orphans/p-9.html	20	enc_q	      <link rel="stylesheet" href="/it-builder/wp-includes/css/classic-themes.min.css%3Fver=1.css" type="text/css" media="all" />
it-builder/_orphans/p-9.html	22	enc_q	      <link rel="stylesheet" id="slick_style-css" href="/it-builder/wp-content/plugins/lw-wae-contents-editor/aos/slick.css%3Fver=6.1.7.css" type="text/css" media="all" />
it-builder/_orphans/p-9.html	25	enc_q	      <link type="application/rsd+xml" title="RSD" href="/it-builder/xmlrpc.php%3Frsd" />
it-builder/_orphans/p-9.html	35	enc_q	      <link rel="stylesheet" href="/it-builder/wp-content/themes/itbuilder-theme/resource/css/common.css%3F=1.2.2.css" />
it-builder/_orphans/p-9.html	36	enc_q	      <link rel="stylesheet" media="print" href="/it-builder/wp-content/themes/itbuilder-theme/resource/css/print.css%3Fvar=0.1.css" />
it-builder/_orphans/p-9.html	297	enc_q	      <script type="text/javascript" src="/it-builder/wp-content/plugins/lw-wae-contents-editor/js/wae-section.js%3Fver=1.1" id="wae_front_script-js"></script>
it-builder/_orphans/p-9.html	298	enc_q	      <script type="text/javascript" src="/it-builder/wp-content/plugins/lw-wae-contents-editor/js/library.js%3Fver=1.1" id="wae_library_script-js"></script>
it-builder/_orphans/p-4339.html	19	enc_q	      <link rel="stylesheet" href="/it-builder/wp-includes/css/dist/block-library/style.min.css%3Fver=6.1.7.css" type="text/css" media="all" />
it-builder/_orphans/p-4339.html	20	enc_q	      <link rel="stylesheet" href="/it-builder/wp-includes/css/classic-themes.min.css%3Fver=1.css" type="text/css" media="all" />
it-builder/_orphans/p-4339.html	22	enc_q	      <link rel="stylesheet" id="slick_style-css" href="/it-builder/wp-content/plugins/lw-wae-contents-editor/aos/slick.css%3Fver=6.1.7.css" type="text/css" media="all" />
it-builder/_orphans/p-4339.html	25	enc_q	      <link type="application/rsd+xml" title="RSD" href="/it-builder/xmlrpc.php%3Frsd" />
it-builder/_orphans/p-4339.html	35	enc_q	      <link rel="stylesheet" href="/it-builder/wp-content/themes/itbuilder-theme/resource/css/common.css%3F=1.2.2.css" />
it-builder/_orphans/p-4339.html	36	enc_q	      <link rel="stylesheet" media="print" href="/it-builder/wp-content/themes/itbuilder-theme/resource/css/print.css%3Fvar=0.1.css" />
it-builder/_orphans/p-4339.html	312	enc_q	      <script type="text/javascript" src="/it-builder/wp-content/plugins/lw-wae-contents-editor/js/wae-section.js%3Fver=1.1" id="wae_front_script-js"></script>
it-builder/_orphans/p-4339.html	313	enc_q	      <script type="text/javascript" src="/it-builder/wp-content/plugins/lw-wae-contents-editor/js/library.js%3Fver=1.1" id="wae_library_script-js"></script>
it-builder/_orphans/p-621.html	19	enc_q	      <link rel="stylesheet" href="/it-builder/wp-includes/css/dist/block-library/style.min.css%3Fver=6.1.7.css" type="text/css" media="all" />
it-builder/_orphans/p-621.html	20	enc_q	      <link rel="stylesheet" href="/it-builder/wp-includes/css/classic-themes.min.css%3Fver=1.css" type="text/css" media="all" />
it-builder/_orphans/p-621.html	22	enc_q	      <link rel="stylesheet" id="slick_style-css" href="/it-builder/wp-content/plugins/lw-wae-contents-editor/aos/slick.css%3Fver=6.1.7.css" type="text/css" media="all" />
it-builder/_orphans/p-621.html	25	enc_q	      <link type="application/rsd+xml" title="RSD" href="/it-builder/xmlrpc.php%3Frsd" />
it-builder/_orphans/p-621.html	35	enc_q	      <link rel="stylesheet" href="/it-builder/wp-content/themes/itbuilder-theme/resource/css/common.css%3F=1.2.2.css" />
it-builder/_orphans/p-621.html	36	enc_q	      <link rel="stylesheet" media="print" href="/it-builder/wp-content/themes/itbuilder-theme/resource/css/print.css%3Fvar=0.1.css" />
it-builder/_orphans/p-621.html	244	enc_q	      <script type="text/javascript" src="/it-builder/wp-content/plugins/lw-wae-contents-editor/js/wae-section.js%3Fver=1.1" id="wae_front_script-js"></script>
it-builder/_orphans/p-621.html	245	enc_q	      <script type="text/javascript" src="/it-builder/wp-content/plugins/lw-wae-contents-editor/js/library.js%3Fver=1.1" id="wae_library_script-js"></script>
it-builder/_orphans/p-8.html	19	enc_q	      <link rel="stylesheet" href="/it-builder/wp-includes/css/dist/block-library/style.min.css%3Fver=6.1.7.css" type="text/css" media="all" />
it-builder/_orphans/p-8.html	20	enc_q	      <link rel="stylesheet" href="/it-builder/wp-includes/css/classic-themes.min.css%3Fver=1.css" type="text/css" media="all" />
it-builder/_orphans/p-8.html	22	enc_q	      <link rel="stylesheet" id="slick_style-css" href="/it-builder/wp-content/plugins/lw-wae-contents-editor/aos/slick.css%3Fver=6.1.7.css" type="text/css" media="all" />
it-builder/_orphans/p-8.html	25	enc_q	      <link type="application/rsd+xml" title="RSD" href="/it-builder/xmlrpc.php%3Frsd" />
it-builder/_orphans/p-8.html	35	enc_q	      <link rel="stylesheet" href="/it-builder/wp-content/themes/itbuilder-theme/resource/css/common.css%3F=1.2.2.css" />
it-builder/_orphans/p-8.html	36	enc_q	      <link rel="stylesheet" media="print" href="/it-builder/wp-content/themes/itbuilder-theme/resource/css/print.css%3Fvar=0.1.css" />
it-builder/_orphans/p-8.html	502	enc_q	      <script type="text/javascript" src="/it-builder/wp-content/plugins/lw-wae-contents-editor/js/wae-section.js%3Fver=1.1" id="wae_front_script-js"></script>
it-builder/_orphans/p-8.html	503	enc_q	      <script type="text/javascript" src="/it-builder/wp-content/plugins/lw-wae-contents-editor/js/library.js%3Fver=1.1" id="wae_library_script-js"></script>
it-builder/_orphans/p-194.html	19	enc_q	      <link rel="stylesheet" href="/it-builder/wp-includes/css/dist/block-library/style.min.css%3Fver=6.1.7.css" type="text/css" media="all" />
it-builder/_orphans/p-194.html	20	enc_q	      <link rel="stylesheet" href="/it-builder/wp-includes/css/classic-themes.min.css%3Fver=1.css" type="text/css" media="all" />
it-builder/_orphans/p-194.html	22	enc_q	      <link rel="stylesheet" id="slick_style-css" href="/it-builder/wp-content/plugins/lw-wae-contents-editor/aos/slick.css%3Fver=6.1.7.css" type="text/css" media="all" />
it-builder/_orphans/p-194.html	25	enc_q	      <link type="application/rsd+xml" title="RSD" href="/it-builder/xmlrpc.php%3Frsd" />
it-builder/_orphans/p-194.html	35	enc_q	      <link rel="stylesheet" href="/it-builder/wp-content/themes/itbuilder-theme/resource/css/common.css%3F=1.2.2.css" />
it-builder/_orphans/p-194.html	36	enc_q	      <link rel="stylesheet" media="print" href="/it-builder/wp-content/themes/itbuilder-theme/resource/css/print.css%3Fvar=0.1.css" />
it-builder/_orphans/p-194.html	459	enc_q	      <script type="text/javascript" src="/it-builder/wp-content/plugins/lw-wae-contents-editor/js/wae-section.js%3Fver=1.1" id="wae_front_script-js"></script>
it-builder/_orphans/p-194.html	460	enc_q	      <script type="text/javascript" src="/it-builder/wp-content/plugins/lw-wae-contents-editor/js/library.js%3Fver=1.1" id="wae_library_script-js"></script>
it-builder/_orphans/p-198.html	19	enc_q	      <link rel="stylesheet" href="/it-builder/wp-includes/css/dist/block-library/style.min.css%3Fver=6.1.7.css" type="text/css" media="all" />
it-builder/_orphans/p-198.html	20	enc_q	      <link rel="stylesheet" href="/it-builder/wp-includes/css/classic-themes.min.css%3Fver=1.css" type="text/css" media="all" />
it-builder/_orphans/p-198.html	22	enc_q	      <link rel="stylesheet" id="slick_style-css" href="/it-builder/wp-content/plugins/lw-wae-contents-editor/aos/slick.css%3Fver=6.1.7.css" type="text/css" media="all" />
it-builder/_orphans/p-198.html	25	enc_q	      <link type="application/rsd+xml" title="RSD" href="/it-builder/xmlrpc.php%3Frsd" />
it-builder/_orphans/p-198.html	35	enc_q	      <link rel="stylesheet" href="/it-builder/wp-content/themes/itbuilder-theme/resource/css/common.css%3F=1.2.2.css" />
it-builder/_orphans/p-198.html	36	enc_q	      <link rel="stylesheet" media="print" href="/it-builder/wp-content/themes/itbuilder-theme/resource/css/print.css%3Fvar=0.1.css" />
it-builder/_orphans/p-198.html	188	enc_q	      <script type="text/javascript" src="/it-builder/wp-content/plugins/lw-wae-contents-editor/js/wae-section.js%3Fver=1.1" id="wae_front_script-js"></script>
it-builder/_orphans/p-198.html	189	enc_q	      <script type="text/javascript" src="/it-builder/wp-content/plugins/lw-wae-contents-editor/js/library.js%3Fver=1.1" id="wae_library_script-js"></script>
it-builder/_orphans/p-195.html	19	enc_q	      <link rel="stylesheet" href="/it-builder/wp-includes/css/dist/block-library/style.min.css%3Fver=6.1.7.css" type="text/css" media="all" />
it-builder/_orphans/p-195.html	20	enc_q	      <link rel="stylesheet" href="/it-builder/wp-includes/css/classic-themes.min.css%3Fver=1.css" type="text/css" media="all" />
it-builder/_orphans/p-195.html	22	enc_q	      <link rel="stylesheet" id="slick_style-css" href="/it-builder/wp-content/plugins/lw-wae-contents-editor/aos/slick.css%3Fver=6.1.7.css" type="text/css" media="all" />
it-builder/_orphans/p-195.html	25	enc_q	      <link type="application/rsd+xml" title="RSD" href="/it-builder/xmlrpc.php%3Frsd" />
it-builder/_orphans/p-195.html	35	enc_q	      <link rel="stylesheet" href="/it-builder/wp-content/themes/itbuilder-theme/resource/css/common.css%3F=1.2.2.css" />
it-builder/_orphans/p-195.html	36	enc_q	      <link rel="stylesheet" media="print" href="/it-builder/wp-content/themes/itbuilder-theme/resource/css/print.css%3Fvar=0.1.css" />
it-builder/_orphans/p-195.html	192	enc_q	      <script type="text/javascript" src="/it-builder/wp-content/plugins/lw-wae-contents-editor/js/wae-section.js%3Fver=1.1" id="wae_front_script-js"></script>
it-builder/_orphans/p-195.html	193	enc_q	      <script type="text/javascript" src="/it-builder/wp-content/plugins/lw-wae-contents-editor/js/library.js%3Fver=1.1" id="wae_library_script-js"></script>
it-builder/_orphans/p-39.html	19	enc_q	      <link rel="stylesheet" href="/it-builder/wp-includes/css/dist/block-library/style.min.css%3Fver=6.1.7.css" type="text/css" media="all" />
it-builder/_orphans/p-39.html	20	enc_q	      <link rel="stylesheet" href="/it-builder/wp-includes/css/classic-themes.min.css%3Fver=1.css" type="text/css" media="all" />
it-builder/_orphans/p-39.html	22	enc_q	      <link rel="stylesheet" id="slick_style-css" href="/it-builder/wp-content/plugins/lw-wae-contents-editor/aos/slick.css%3Fver=6.1.7.css" type="text/css" media="all" />
it-builder/_orphans/p-39.html	25	enc_q	      <link type="application/rsd+xml" title="RSD" href="/it-builder/xmlrpc.php%3Frsd" />
it-builder/_orphans/p-39.html	35	enc_q	      <link rel="stylesheet" href="/it-builder/wp-content/themes/itbuilder-theme/resource/css/common.css%3F=1.2.2.css" />
it-builder/_orphans/p-39.html	36	enc_q	      <link rel="stylesheet" media="print" href="/it-builder/wp-content/themes/itbuilder-theme/resource/css/print.css%3Fvar=0.1.css" />
it-builder/_orphans/p-39.html	716	enc_q	      <script type="text/javascript" src="/it-builder/wp-content/plugins/lw-wae-contents-editor/js/wae-section.js%3Fver=1.1" id="wae_front_script-js"></script>
it-builder/_orphans/p-39.html	717	enc_q	      <script type="text/javascript" src="/it-builder/wp-content/plugins/lw-wae-contents-editor/js/library.js%3Fver=1.1" id="wae_library_script-js"></script>
it-builder/_orphans/p-12.html	19	enc_q	      <link rel="stylesheet" href="/it-builder/wp-includes/css/dist/block-library/style.min.css%3Fver=6.1.7.css" type="text/css" media="all" />
it-builder/_orphans/p-12.html	20	enc_q	      <link rel="stylesheet" href="/it-builder/wp-includes/css/classic-themes.min.css%3Fver=1.css" type="text/css" media="all" />
it-builder/_orphans/p-12.html	22	enc_q	      <link rel="stylesheet" id="slick_style-css" href="/it-builder/wp-content/plugins/lw-wae-contents-editor/aos/slick.css%3Fver=6.1.7.css" type="text/css" media="all" />
it-builder/_orphans/p-12.html	25	enc_q	      <link type="application/rsd+xml" title="RSD" href="/it-builder/xmlrpc.php%3Frsd" />
it-builder/_orphans/p-12.html	35	enc_q	      <link rel="stylesheet" href="/it-builder/wp-content/themes/itbuilder-theme/resource/css/common.css%3F=1.2.2.css" />
it-builder/_orphans/p-12.html	36	enc_q	      <link rel="stylesheet" media="print" href="/it-builder/wp-content/themes/itbuilder-theme/resource/css/print.css%3Fvar=0.1.css" />
it-builder/_orphans/p-12.html	410	enc_q	      <script type="text/javascript" src="/it-builder/wp-content/plugins/lw-wae-contents-editor/js/wae-section.js%3Fver=1.1" id="wae_front_script-js"></script>
it-builder/_orphans/p-12.html	411	enc_q	      <script type="text/javascript" src="/it-builder/wp-content/plugins/lw-wae-contents-editor/js/library.js%3Fver=1.1" id="wae_library_script-js"></script>
it-builder/_orphans/p-193.html	19	enc_q	      <link rel="stylesheet" href="/it-builder/wp-includes/css/dist/block-library/style.min.css%3Fver=6.1.7.css" type="text/css" media="all" />
it-builder/_orphans/p-193.html	20	enc_q	      <link rel="stylesheet" href="/it-builder/wp-includes/css/classic-themes.min.css%3Fver=1.css" type="text/css" media="all" />
it-builder/_orphans/p-193.html	22	enc_q	      <link rel="stylesheet" id="slick_style-css" href="/it-builder/wp-content/plugins/lw-wae-contents-editor/aos/slick.css%3Fver=6.1.7.css" type="text/css" media="all" />
it-builder/_orphans/p-193.html	25	enc_q	      <link type="application/rsd+xml" title="RSD" href="/it-builder/xmlrpc.php%3Frsd" />
it-builder/_orphans/p-193.html	35	enc_q	      <link rel="stylesheet" href="/it-builder/wp-content/themes/itbuilder-theme/resource/css/common.css%3F=1.2.2.css" />
it-builder/_orphans/p-193.html	36	enc_q	      <link rel="stylesheet" media="print" href="/it-builder/wp-content/themes/itbuilder-theme/resource/css/print.css%3Fvar=0.1.css" />
it-builder/_orphans/p-193.html	251	enc_q	      <script type="text/javascript" src="/it-builder/wp-content/plugins/lw-wae-contents-editor/js/wae-section.js%3Fver=1.1" id="wae_front_script-js"></script>
it-builder/_orphans/p-193.html	252	enc_q	      <script type="text/javascript" src="/it-builder/wp-content/plugins/lw-wae-contents-editor/js/library.js%3Fver=1.1" id="wae_library_script-js"></script>
it-builder/_orphans/p-13.html	19	enc_q	      <link rel="stylesheet" href="/it-builder/wp-includes/css/dist/block-library/style.min.css%3Fver=6.1.7.css" type="text/css" media="all" />
it-builder/_orphans/p-13.html	20	enc_q	      <link rel="stylesheet" href="/it-builder/wp-includes/css/classic-themes.min.css%3Fver=1.css" type="text/css" media="all" />
it-builder/_orphans/p-13.html	22	enc_q	      <link rel="stylesheet" id="slick_style-css" href="/it-builder/wp-content/plugins/lw-wae-contents-editor/aos/slick.css%3Fver=6.1.7.css" type="text/css" media="all" />
it-builder/_orphans/p-13.html	25	enc_q	      <link type="application/rsd+xml" title="RSD" href="/it-builder/xmlrpc.php%3Frsd" />
it-builder/_orphans/p-13.html	35	enc_q	      <link rel="stylesheet" href="/it-builder/wp-content/themes/itbuilder-theme/resource/css/common.css%3F=1.2.2.css" />
it-builder/_orphans/p-13.html	36	enc_q	      <link rel="stylesheet" media="print" href="/it-builder/wp-content/themes/itbuilder-theme/resource/css/print.css%3Fvar=0.1.css" />
it-builder/_orphans/p-13.html	150	enc_q	      <script type="text/javascript" src="/it-builder/wp-content/plugins/lw-wae-contents-editor/js/wae-section.js%3Fver=1.1" id="wae_front_script-js"></script>
it-builder/_orphans/p-13.html	151	enc_q	      <script type="text/javascript" src="/it-builder/wp-content/plugins/lw-wae-contents-editor/js/library.js%3Fver=1.1" id="wae_library_script-js"></script>
it-builder/_orphans/p-330.html	19	enc_q	      <link rel="stylesheet" href="/it-builder/wp-includes/css/dist/block-library/style.min.css%3Fver=6.1.7.css" type="text/css" media="all" />
it-builder/_orphans/p-330.html	20	enc_q	      <link rel="stylesheet" href="/it-builder/wp-includes/css/classic-themes.min.css%3Fver=1.css" type="text/css" media="all" />
it-builder/_orphans/p-330.html	22	enc_q	      <link rel="stylesheet" id="slick_style-css" href="/it-builder/wp-content/plugins/lw-wae-contents-editor/aos/slick.css%3Fver=6.1.7.css" type="text/css" media="all" />
it-builder/_orphans/p-330.html	25	enc_q	      <link type="application/rsd+xml" title="RSD" href="/it-builder/xmlrpc.php%3Frsd" />
it-builder/_orphans/p-330.html	35	enc_q	      <link rel="stylesheet" href="/it-builder/wp-content/themes/itbuilder-theme/resource/css/common.css%3F=1.2.2.css" />
it-builder/_orphans/p-330.html	36	enc_q	      <link rel="stylesheet" media="print" href="/it-builder/wp-content/themes/itbuilder-theme/resource/css/print.css%3Fvar=0.1.css" />
it-builder/_orphans/p-330.html	205	enc_q	      <script type="text/javascript" src="/it-builder/wp-content/plugins/lw-wae-contents-editor/js/wae-section.js%3Fver=1.1" id="wae_front_script-js"></script>
it-builder/_orphans/p-330.html	206	enc_q	      <script type="text/javascript" src="/it-builder/wp-content/plugins/lw-wae-contents-editor/js/library.js%3Fver=1.1" id="wae_library_script-js"></script>
it-builder/faq/index.html	19	enc_q	      <link rel="stylesheet" href="/it-builder/wp-includes/css/dist/block-library/style.min.css%3Fver=6.1.7.css" type="text/css" media="all" />
it-builder/faq/index.html	20	enc_q	      <link rel="stylesheet" href="/it-builder/wp-includes/css/classic-themes.min.css%3Fver=1.css" type="text/css" media="all" />
it-builder/faq/index.html	22	enc_q	      <link rel="stylesheet" id="slick_style-css" href="/it-builder/wp-content/plugins/lw-wae-contents-editor/aos/slick.css%3Fver=6.1.7.css" type="text/css" media="all" />
it-builder/faq/index.html	25	enc_q	      <link type="application/rsd+xml" title="RSD" href="/it-builder/xmlrpc.php%3Frsd" />
it-builder/faq/index.html	35	enc_q	      <link rel="stylesheet" href="/it-builder/wp-content/themes/itbuilder-theme/resource/css/common.css%3F=1.2.2.css" />
it-builder/faq/index.html	36	enc_q	      <link rel="stylesheet" media="print" href="/it-builder/wp-content/themes/itbuilder-theme/resource/css/print.css%3Fvar=0.1.css" />
it-builder/faq/index.html	716	enc_q	      <script type="text/javascript" src="/it-builder/wp-content/plugins/lw-wae-contents-editor/js/wae-section.js%3Fver=1.1" id="wae_front_script-js"></script>
it-builder/faq/index.html	717	enc_q	      <script type="text/javascript" src="/it-builder/wp-content/plugins/lw-wae-contents-editor/js/library.js%3Fver=1.1" id="wae_library_script-js"></script>
it-builder/sitemap/index.html	19	enc_q	      <link rel="stylesheet" href="/it-builder/wp-includes/css/dist/block-library/style.min.css%3Fver=6.1.7.css" type="text/css" media="all" />
it-builder/sitemap/index.html	20	enc_q	      <link rel="stylesheet" href="/it-builder/wp-includes/css/classic-themes.min.css%3Fver=1.css" type="text/css" media="all" />
it-builder/sitemap/index.html	22	enc_q	      <link rel="stylesheet" id="slick_style-css" href="/it-builder/wp-content/plugins/lw-wae-contents-editor/aos/slick.css%3Fver=6.1.7.css" type="text/css" media="all" />
it-builder/sitemap/index.html	25	enc_q	      <link type="application/rsd+xml" title="RSD" href="/it-builder/xmlrpc.php%3Frsd" />
it-builder/sitemap/index.html	35	enc_q	      <link rel="stylesheet" href="/it-builder/wp-content/themes/itbuilder-theme/resource/css/common.css%3F=1.2.2.css" />
it-builder/sitemap/index.html	36	enc_q	      <link rel="stylesheet" media="print" href="/it-builder/wp-content/themes/itbuilder-theme/resource/css/print.css%3Fvar=0.1.css" />
it-builder/sitemap/index.html	123	enc_q	      <script type="text/javascript" src="/it-builder/wp-content/plugins/lw-wae-contents-editor/js/wae-section.js%3Fver=1.1" id="wae_front_script-js"></script>
it-builder/sitemap/index.html	124	enc_q	      <script type="text/javascript" src="/it-builder/wp-content/plugins/lw-wae-contents-editor/js/library.js%3Fver=1.1" id="wae_library_script-js"></script>
it-builder/user/index.html	19	enc_q	      <link rel="stylesheet" href="/it-builder/wp-includes/css/dist/block-library/style.min.css%3Fver=6.1.7.css" type="text/css" media="all" />
it-builder/user/index.html	20	enc_q	      <link rel="stylesheet" href="/it-builder/wp-includes/css/classic-themes.min.css%3Fver=1.css" type="text/css" media="all" />
it-builder/user/index.html	22	enc_q	      <link rel="stylesheet" id="slick_style-css" href="/it-builder/wp-content/plugins/lw-wae-contents-editor/aos/slick.css%3Fver=6.1.7.css" type="text/css" media="all" />
it-builder/user/index.html	25	enc_q	      <link type="application/rsd+xml" title="RSD" href="/it-builder/xmlrpc.php%3Frsd" />
it-builder/user/index.html	35	enc_q	      <link rel="stylesheet" href="/it-builder/wp-content/themes/itbuilder-theme/resource/css/common.css%3F=1.2.2.css" />
it-builder/user/index.html	36	enc_q	      <link rel="stylesheet" media="print" href="/it-builder/wp-content/themes/itbuilder-theme/resource/css/print.css%3Fvar=0.1.css" />
it-builder/user/index.html	297	enc_q	      <script type="text/javascript" src="/it-builder/wp-content/plugins/lw-wae-contents-editor/js/wae-section.js%3Fver=1.1" id="wae_front_script-js"></script>
it-builder/user/index.html	298	enc_q	      <script type="text/javascript" src="/it-builder/wp-content/plugins/lw-wae-contents-editor/js/library.js%3Fver=1.1" id="wae_library_script-js"></script>
it-builder/user/faq/index.html	19	enc_q	      <link rel="stylesheet" href="/it-builder/wp-includes/css/dist/block-library/style.min.css%3Fver=6.1.7.css" type="text/css" media="all" />
it-builder/user/faq/index.html	20	enc_q	      <link rel="stylesheet" href="/it-builder/wp-includes/css/classic-themes.min.css%3Fver=1.css" type="text/css" media="all" />
it-builder/user/faq/index.html	22	enc_q	      <link rel="stylesheet" id="slick_style-css" href="/it-builder/wp-content/plugins/lw-wae-contents-editor/aos/slick.css%3Fver=6.1.7.css" type="text/css" media="all" />
it-builder/user/faq/index.html	25	enc_q	      <link type="application/rsd+xml" title="RSD" href="/it-builder/xmlrpc.php%3Frsd" />
it-builder/user/faq/index.html	35	enc_q	      <link rel="stylesheet" href="/it-builder/wp-content/themes/itbuilder-theme/resource/css/common.css%3F=1.2.2.css" />
it-builder/user/faq/index.html	36	enc_q	      <link rel="stylesheet" media="print" href="/it-builder/wp-content/themes/itbuilder-theme/resource/css/print.css%3Fvar=0.1.css" />
it-builder/user/faq/index.html	716	enc_q	      <script type="text/javascript" src="/it-builder/wp-content/plugins/lw-wae-contents-editor/js/wae-section.js%3Fver=1.1" id="wae_front_script-js"></script>
it-builder/user/faq/index.html	717	enc_q	      <script type="text/javascript" src="/it-builder/wp-content/plugins/lw-wae-contents-editor/js/library.js%3Fver=1.1" id="wae_library_script-js"></script>
it-builder/user/download/index.html	19	enc_q	      <link rel="stylesheet" href="/it-builder/wp-includes/css/dist/block-library/style.min.css%3Fver=6.1.7.css" type="text/css" media="all" />
it-builder/user/download/index.html	20	enc_q	      <link rel="stylesheet" href="/it-builder/wp-includes/css/classic-themes.min.css%3Fver=1.css" type="text/css" media="all" />
it-builder/user/download/index.html	22	enc_q	      <link rel="stylesheet" id="slick_style-css" href="/it-builder/wp-content/plugins/lw-wae-contents-editor/aos/slick.css%3Fver=6.1.7.css" type="text/css" media="all" />
it-builder/user/download/index.html	25	enc_q	      <link type="application/rsd+xml" title="RSD" href="/it-builder/xmlrpc.php%3Frsd" />
it-builder/user/download/index.html	35	enc_q	      <link rel="stylesheet" href="/it-builder/wp-content/themes/itbuilder-theme/resource/css/common.css%3F=1.2.2.css" />
it-builder/user/download/index.html	36	enc_q	      <link rel="stylesheet" media="print" href="/it-builder/wp-content/themes/itbuilder-theme/resource/css/print.css%3Fvar=0.1.css" />
it-builder/user/download/index.html	312	enc_q	      <script type="text/javascript" src="/it-builder/wp-content/plugins/lw-wae-contents-editor/js/wae-section.js%3Fver=1.1" id="wae_front_script-js"></script>
it-builder/user/download/index.html	313	enc_q	      <script type="text/javascript" src="/it-builder/wp-content/plugins/lw-wae-contents-editor/js/library.js%3Fver=1.1" id="wae_library_script-js"></script>
it-builder/about/index.html	19	enc_q	      <link rel="stylesheet" href="/it-builder/wp-includes/css/dist/block-library/style.min.css%3Fver=6.1.7.css" type="text/css" media="all" />
it-builder/about/index.html	20	enc_q	      <link rel="stylesheet" href="/it-builder/wp-includes/css/classic-themes.min.css%3Fver=1.css" type="text/css" media="all" />
it-builder/about/index.html	22	enc_q	      <link rel="stylesheet" id="slick_style-css" href="/it-builder/wp-content/plugins/lw-wae-contents-editor/aos/slick.css%3Fver=6.1.7.css" type="text/css" media="all" />
it-builder/about/index.html	25	enc_q	      <link type="application/rsd+xml" title="RSD" href="/it-builder/xmlrpc.php%3Frsd" />
it-builder/about/index.html	35	enc_q	      <link rel="stylesheet" href="/it-builder/wp-content/themes/itbuilder-theme/resource/css/common.css%3F=1.2.2.css" />
it-builder/about/index.html	36	enc_q	      <link rel="stylesheet" media="print" href="/it-builder/wp-content/themes/itbuilder-theme/resource/css/print.css%3Fvar=0.1.css" />
it-builder/about/index.html	773	enc_q	      <script type="text/javascript" src="/it-builder/wp-content/plugins/lw-wae-contents-editor/js/wae-section.js%3Fver=1.1" id="wae_front_script-js"></script>
it-builder/about/index.html	774	enc_q	      <script type="text/javascript" src="/it-builder/wp-content/plugins/lw-wae-contents-editor/js/library.js%3Fver=1.1" id="wae_library_script-js"></script>
it-builder/about/advanced_case/index.html	19	enc_q	      <link rel="stylesheet" href="/it-builder/wp-includes/css/dist/block-library/style.min.css%3Fver=6.1.7.css" type="text/css" media="all" />
it-builder/about/advanced_case/index.html	20	enc_q	      <link rel="stylesheet" href="/it-builder/wp-includes/css/classic-themes.min.css%3Fver=1.css" type="text/css" media="all" />
it-builder/about/advanced_case/index.html	22	enc_q	      <link rel="stylesheet" id="slick_style-css" href="/it-builder/wp-content/plugins/lw-wae-contents-editor/aos/slick.css%3Fver=6.1.7.css" type="text/css" media="all" />
it-builder/about/advanced_case/index.html	25	enc_q	      <link type="application/rsd+xml" title="RSD" href="/it-builder/xmlrpc.php%3Frsd" />
it-builder/about/advanced_case/index.html	35	enc_q	      <link rel="stylesheet" href="/it-builder/wp-content/themes/itbuilder-theme/resource/css/common.css%3F=1.2.2.css" />
it-builder/about/advanced_case/index.html	36	enc_q	      <link rel="stylesheet" media="print" href="/it-builder/wp-content/themes/itbuilder-theme/resource/css/print.css%3Fvar=0.1.css" />
it-builder/about/advanced_case/index.html	459	enc_q	      <script type="text/javascript" src="/it-builder/wp-content/plugins/lw-wae-contents-editor/js/wae-section.js%3Fver=1.1" id="wae_front_script-js"></script>
it-builder/about/advanced_case/index.html	460	enc_q	      <script type="text/javascript" src="/it-builder/wp-content/plugins/lw-wae-contents-editor/js/library.js%3Fver=1.1" id="wae_library_script-js"></script>
it-builder/about/requirements/index.html	19	enc_q	      <link rel="stylesheet" href="/it-builder/wp-includes/css/dist/block-library/style.min.css%3Fver=6.1.7.css" type="text/css" media="all" />
it-builder/about/requirements/index.html	20	enc_q	      <link rel="stylesheet" href="/it-builder/wp-includes/css/classic-themes.min.css%3Fver=1.css" type="text/css" media="all" />
it-builder/about/requirements/index.html	22	enc_q	      <link rel="stylesheet" id="slick_style-css" href="/it-builder/wp-content/plugins/lw-wae-contents-editor/aos/slick.css%3Fver=6.1.7.css" type="text/css" media="all" />
it-builder/about/requirements/index.html	25	enc_q	      <link type="application/rsd+xml" title="RSD" href="/it-builder/xmlrpc.php%3Frsd" />
it-builder/about/requirements/index.html	35	enc_q	      <link rel="stylesheet" href="/it-builder/wp-content/themes/itbuilder-theme/resource/css/common.css%3F=1.2.2.css" />
it-builder/about/requirements/index.html	36	enc_q	      <link rel="stylesheet" media="print" href="/it-builder/wp-content/themes/itbuilder-theme/resource/css/print.css%3Fvar=0.1.css" />
it-builder/about/requirements/index.html	192	enc_q	      <script type="text/javascript" src="/it-builder/wp-content/plugins/lw-wae-contents-editor/js/wae-section.js%3Fver=1.1" id="wae_front_script-js"></script>
it-builder/about/requirements/index.html	193	enc_q	      <script type="text/javascript" src="/it-builder/wp-content/plugins/lw-wae-contents-editor/js/library.js%3Fver=1.1" id="wae_library_script-js"></script>
it-builder/about/how_to_make/index.html	19	enc_q	      <link rel="stylesheet" href="/it-builder/wp-includes/css/dist/block-library/style.min.css%3Fver=6.1.7.css" type="text/css" media="all" />
it-builder/about/how_to_make/index.html	20	enc_q	      <link rel="stylesheet" href="/it-builder/wp-includes/css/classic-themes.min.css%3Fver=1.css" type="text/css" media="all" />
it-builder/about/how_to_make/index.html	22	enc_q	      <link rel="stylesheet" id="slick_style-css" href="/it-builder/wp-content/plugins/lw-wae-contents-editor/aos/slick.css%3Fver=6.1.7.css" type="text/css" media="all" />
it-builder/about/how_to_make/index.html	25	enc_q	      <link type="application/rsd+xml" title="RSD" href="/it-builder/xmlrpc.php%3Frsd" />
it-builder/about/how_to_make/index.html	35	enc_q	      <link rel="stylesheet" href="/it-builder/wp-content/themes/itbuilder-theme/resource/css/common.css%3F=1.2.2.css" />
it-builder/about/how_to_make/index.html	36	enc_q	      <link rel="stylesheet" media="print" href="/it-builder/wp-content/themes/itbuilder-theme/resource/css/print.css%3Fvar=0.1.css" />
it-builder/about/how_to_make/index.html	251	enc_q	      <script type="text/javascript" src="/it-builder/wp-content/plugins/lw-wae-contents-editor/js/wae-section.js%3Fver=1.1" id="wae_front_script-js"></script>
it-builder/about/how_to_make/index.html	252	enc_q	      <script type="text/javascript" src="/it-builder/wp-content/plugins/lw-wae-contents-editor/js/library.js%3Fver=1.1" id="wae_library_script-js"></script>
it-builder/about/data/index.html	19	enc_q	      <link rel="stylesheet" href="/it-builder/wp-includes/css/dist/block-library/style.min.css%3Fver=6.1.7.css" type="text/css" media="all" />
it-builder/about/data/index.html	20	enc_q	      <link rel="stylesheet" href="/it-builder/wp-includes/css/classic-themes.min.css%3Fver=1.css" type="text/css" media="all" />
it-builder/about/data/index.html	22	enc_q	      <link rel="stylesheet" id="slick_style-css" href="/it-builder/wp-content/plugins/lw-wae-contents-editor/aos/slick.css%3Fver=6.1.7.css" type="text/css" media="all" />
it-builder/about/data/index.html	25	enc_q	      <link type="application/rsd+xml" title="RSD" href="/it-builder/xmlrpc.php%3Frsd" />
it-builder/about/data/index.html	35	enc_q	      <link rel="stylesheet" href="/it-builder/wp-content/themes/itbuilder-theme/resource/css/common.css%3F=1.2.2.css" />
it-builder/about/data/index.html	36	enc_q	      <link rel="stylesheet" media="print" href="/it-builder/wp-content/themes/itbuilder-theme/resource/css/print.css%3Fvar=0.1.css" />
it-builder/about/data/index.html	244	enc_q	      <script type="text/javascript" src="/it-builder/wp-content/plugins/lw-wae-contents-editor/js/wae-section.js%3Fver=1.1" id="wae_front_script-js"></script>
it-builder/about/data/index.html	245	enc_q	      <script type="text/javascript" src="/it-builder/wp-content/plugins/lw-wae-contents-editor/js/library.js%3Fver=1.1" id="wae_library_script-js"></script>
it-builder/installation/index.html	19	enc_q	      <link rel="stylesheet" href="/it-builder/wp-includes/css/dist/block-library/style.min.css%3Fver=6.1.7.css" type="text/css" media="all" />
it-builder/installation/index.html	20	enc_q	      <link rel="stylesheet" href="/it-builder/wp-includes/css/classic-themes.min.css%3Fver=1.css" type="text/css" media="all" />
it-builder/installation/index.html	22	enc_q	      <link rel="stylesheet" id="slick_style-css" href="/it-builder/wp-content/plugins/lw-wae-contents-editor/aos/slick.css%3Fver=6.1.7.css" type="text/css" media="all" />
it-builder/installation/index.html	25	enc_q	      <link type="application/rsd+xml" title="RSD" href="/it-builder/xmlrpc.php%3Frsd" />
it-builder/installation/index.html	35	enc_q	      <link rel="stylesheet" href="/it-builder/wp-content/themes/itbuilder-theme/resource/css/common.css%3F=1.2.2.css" />
it-builder/installation/index.html	36	enc_q	      <link rel="stylesheet" media="print" href="/it-builder/wp-content/themes/itbuilder-theme/resource/css/print.css%3Fvar=0.1.css" />
it-builder/installation/index.html	150	enc_q	      <script type="text/javascript" src="/it-builder/wp-content/plugins/lw-wae-contents-editor/js/wae-section.js%3Fver=1.1" id="wae_front_script-js"></script>
it-builder/installation/index.html	151	enc_q	      <script type="text/javascript" src="/it-builder/wp-content/plugins/lw-wae-contents-editor/js/library.js%3Fver=1.1" id="wae_library_script-js"></script>
it-builder/installation/meisin/index.html	19	enc_q	      <link rel="stylesheet" href="/it-builder/wp-includes/css/dist/block-library/style.min.css%3Fver=6.1.7.css" type="text/css" media="all" />
it-builder/installation/meisin/index.html	20	enc_q	      <link rel="stylesheet" href="/it-builder/wp-includes/css/classic-themes.min.css%3Fver=1.css" type="text/css" media="all" />
it-builder/installation/meisin/index.html	22	enc_q	      <link rel="stylesheet" id="slick_style-css" href="/it-builder/wp-content/plugins/lw-wae-contents-editor/aos/slick.css%3Fver=6.1.7.css" type="text/css" media="all" />
it-builder/installation/meisin/index.html	25	enc_q	      <link type="application/rsd+xml" title="RSD" href="/it-builder/xmlrpc.php%3Frsd" />
it-builder/installation/meisin/index.html	35	enc_q	      <link rel="stylesheet" href="/it-builder/wp-content/themes/itbuilder-theme/resource/css/common.css%3F=1.2.2.css" />
it-builder/installation/meisin/index.html	36	enc_q	      <link rel="stylesheet" media="print" href="/it-builder/wp-content/themes/itbuilder-theme/resource/css/print.css%3Fvar=0.1.css" />
it-builder/installation/meisin/index.html	188	enc_q	      <script type="text/javascript" src="/it-builder/wp-content/plugins/lw-wae-contents-editor/js/wae-section.js%3Fver=1.1" id="wae_front_script-js"></script>
it-builder/installation/meisin/index.html	189	enc_q	      <script type="text/javascript" src="/it-builder/wp-content/plugins/lw-wae-contents-editor/js/library.js%3Fver=1.1" id="wae_library_script-js"></script>
it-builder/2017/index.html	20	enc_q	      <link rel="stylesheet" href="/it-builder/wp-includes/css/dist/block-library/style.min.css%3Fver=6.1.7.css" type="text/css" media="all" />
it-builder/2017/index.html	21	enc_q	      <link rel="stylesheet" href="/it-builder/wp-includes/css/classic-themes.min.css%3Fver=1.css" type="text/css" media="all" />
it-builder/2017/index.html	23	enc_q	      <link rel="stylesheet" id="slick_style-css" href="/it-builder/wp-content/plugins/lw-wae-contents-editor/aos/slick.css%3Fver=6.1.7.css" type="text/css" media="all" />
it-builder/2017/index.html	25	enc_q	      <link type="application/rsd+xml" title="RSD" href="/it-builder/xmlrpc.php%3Frsd" />
it-builder/2017/index.html	32	enc_q	      <link rel="stylesheet" href="/it-builder/wp-content/themes/itbuilder-theme/resource/css/common.css%3F=1.2.2.css" />
it-builder/2017/index.html	33	enc_q	      <link rel="stylesheet" media="print" href="/it-builder/wp-content/themes/itbuilder-theme/resource/css/print.css%3Fvar=0.1.css" />
it-builder/2017/index.html	134	enc_q	      <script type="text/javascript" src="/it-builder/wp-content/plugins/lw-wae-contents-editor/js/wae-section.js%3Fver=1.1" id="wae_front_script-js"></script>
it-builder/2017/index.html	135	enc_q	      <script type="text/javascript" src="/it-builder/wp-content/plugins/lw-wae-contents-editor/js/library.js%3Fver=1.1" id="wae_library_script-js"></script>
it-builder/2019/index.html	20	enc_q	      <link rel="stylesheet" href="/it-builder/wp-includes/css/dist/block-library/style.min.css%3Fver=6.1.7.css" type="text/css" media="all" />
it-builder/2019/index.html	21	enc_q	      <link rel="stylesheet" href="/it-builder/wp-includes/css/classic-themes.min.css%3Fver=1.css" type="text/css" media="all" />
it-builder/2019/index.html	23	enc_q	      <link rel="stylesheet" id="slick_style-css" href="/it-builder/wp-content/plugins/lw-wae-contents-editor/aos/slick.css%3Fver=6.1.7.css" type="text/css" media="all" />
it-builder/2019/index.html	25	enc_q	      <link type="application/rsd+xml" title="RSD" href="/it-builder/xmlrpc.php%3Frsd" />
it-builder/2019/index.html	32	enc_q	      <link rel="stylesheet" href="/it-builder/wp-content/themes/itbuilder-theme/resource/css/common.css%3F=1.2.2.css" />
it-builder/2019/index.html	33	enc_q	      <link rel="stylesheet" media="print" href="/it-builder/wp-content/themes/itbuilder-theme/resource/css/print.css%3Fvar=0.1.css" />
it-builder/2019/index.html	204	enc_q	      <script type="text/javascript" src="/it-builder/wp-content/plugins/lw-wae-contents-editor/js/wae-section.js%3Fver=1.1" id="wae_front_script-js"></script>
it-builder/2019/index.html	205	enc_q	      <script type="text/javascript" src="/it-builder/wp-content/plugins/lw-wae-contents-editor/js/library.js%3Fver=1.1" id="wae_library_script-js"></script>
it-builder/2020/index.html	20	enc_q	      <link rel="stylesheet" href="/it-builder/wp-includes/css/dist/block-library/style.min.css%3Fver=6.1.7.css" type="text/css" media="all" />
it-builder/2020/index.html	21	enc_q	      <link rel="stylesheet" href="/it-builder/wp-includes/css/classic-themes.min.css%3Fver=1.css" type="text/css" media="all" />
it-builder/2020/index.html	23	enc_q	      <link rel="stylesheet" id="slick_style-css" href="/it-builder/wp-content/plugins/lw-wae-contents-editor/aos/slick.css%3Fver=6.1.7.css" type="text/css" media="all" />
it-builder/2020/index.html	25	enc_q	      <link type="application/rsd+xml" title="RSD" href="/it-builder/xmlrpc.php%3Frsd" />
it-builder/2020/index.html	32	enc_q	      <link rel="stylesheet" href="/it-builder/wp-content/themes/itbuilder-theme/resource/css/common.css%3F=1.2.2.css" />
it-builder/2020/index.html	33	enc_q	      <link rel="stylesheet" media="print" href="/it-builder/wp-content/themes/itbuilder-theme/resource/css/print.css%3Fvar=0.1.css" />
it-builder/2020/index.html	114	enc_q	      <script type="text/javascript" src="/it-builder/wp-content/plugins/lw-wae-contents-editor/js/wae-section.js%3Fver=1.1" id="wae_front_script-js"></script>
it-builder/2020/index.html	115	enc_q	      <script type="text/javascript" src="/it-builder/wp-content/plugins/lw-wae-contents-editor/js/library.js%3Fver=1.1" id="wae_library_script-js"></script>
it-builder/2018/index.html	20	enc_q	      <link rel="stylesheet" href="/it-builder/wp-includes/css/dist/block-library/style.min.css%3Fver=6.1.7.css" type="text/css" media="all" />
it-builder/2018/index.html	21	enc_q	      <link rel="stylesheet" href="/it-builder/wp-includes/css/classic-themes.min.css%3Fver=1.css" type="text/css" media="all" />
it-builder/2018/index.html	23	enc_q	      <link rel="stylesheet" id="slick_style-css" href="/it-builder/wp-content/plugins/lw-wae-contents-editor/aos/slick.css%3Fver=6.1.7.css" type="text/css" media="all" />
it-builder/2018/index.html	25	enc_q	      <link type="application/rsd+xml" title="RSD" href="/it-builder/xmlrpc.php%3Frsd" />
it-builder/2018/index.html	32	enc_q	      <link rel="stylesheet" href="/it-builder/wp-content/themes/itbuilder-theme/resource/css/common.css%3F=1.2.2.css" />
it-builder/2018/index.html	33	enc_q	      <link rel="stylesheet" media="print" href="/it-builder/wp-content/themes/itbuilder-theme/resource/css/print.css%3Fvar=0.1.css" />
it-builder/2018/index.html	164	enc_q	      <script type="text/javascript" src="/it-builder/wp-content/plugins/lw-wae-contents-editor/js/wae-section.js%3Fver=1.1" id="wae_front_script-js"></script>
it-builder/2018/index.html	165	enc_q	      <script type="text/javascript" src="/it-builder/wp-content/plugins/lw-wae-contents-editor/js/library.js%3Fver=1.1" id="wae_library_script-js"></script>
it-builder/price/index.html	19	enc_q	      <link rel="stylesheet" href="/it-builder/wp-includes/css/dist/block-library/style.min.css%3Fver=6.1.7.css" type="text/css" media="all" />
it-builder/price/index.html	20	enc_q	      <link rel="stylesheet" href="/it-builder/wp-includes/css/classic-themes.min.css%3Fver=1.css" type="text/css" media="all" />
it-builder/price/index.html	22	enc_q	      <link rel="stylesheet" id="slick_style-css" href="/it-builder/wp-content/plugins/lw-wae-contents-editor/aos/slick.css%3Fver=6.1.7.css" type="text/css" media="all" />
it-builder/price/index.html	25	enc_q	      <link type="application/rsd+xml" title="RSD" href="/it-builder/xmlrpc.php%3Frsd" />
it-builder/price/index.html	35	enc_q	      <link rel="stylesheet" href="/it-builder/wp-content/themes/itbuilder-theme/resource/css/common.css%3F=1.2.2.css" />
it-builder/price/index.html	36	enc_q	      <link rel="stylesheet" media="print" href="/it-builder/wp-content/themes/itbuilder-theme/resource/css/print.css%3Fvar=0.1.css" />
it-builder/price/index.html	1125	enc_q	      <script type="text/javascript" src="/it-builder/wp-content/plugins/lw-wae-contents-editor/js/wae-section.js%3Fver=1.1" id="wae_front_script-js"></script>
it-builder/price/index.html	1126	enc_q	      <script type="text/javascript" src="/it-builder/wp-content/plugins/lw-wae-contents-editor/js/library.js%3Fver=1.1" id="wae_library_script-js"></script>
it-builder/2016/index.html	20	enc_q	      <link rel="stylesheet" href="/it-builder/wp-includes/css/dist/block-library/style.min.css%3Fver=6.1.7.css" type="text/css" media="all" />
it-builder/2016/index.html	21	enc_q	      <link rel="stylesheet" href="/it-builder/wp-includes/css/classic-themes.min.css%3Fver=1.css" type="text/css" media="all" />
it-builder/2016/index.html	23	enc_q	      <link rel="stylesheet" id="slick_style-css" href="/it-builder/wp-content/plugins/lw-wae-contents-editor/aos/slick.css%3Fver=6.1.7.css" type="text/css" media="all" />
it-builder/2016/index.html	25	enc_q	      <link type="application/rsd+xml" title="RSD" href="/it-builder/xmlrpc.php%3Frsd" />
it-builder/2016/index.html	32	enc_q	      <link rel="stylesheet" href="/it-builder/wp-content/themes/itbuilder-theme/resource/css/common.css%3F=1.2.2.css" />
it-builder/2016/index.html	33	enc_q	      <link rel="stylesheet" media="print" href="/it-builder/wp-content/themes/itbuilder-theme/resource/css/print.css%3Fvar=0.1.css" />
it-builder/2016/index.html	104	enc_q	      <script type="text/javascript" src="/it-builder/wp-content/plugins/lw-wae-contents-editor/js/wae-section.js%3Fver=1.1" id="wae_front_script-js"></script>
it-builder/2016/index.html	105	enc_q	      <script type="text/javascript" src="/it-builder/wp-content/plugins/lw-wae-contents-editor/js/library.js%3Fver=1.1" id="wae_library_script-js"></script>
it-builder/news/news0003465/index.html	19	enc_q	      <link rel="stylesheet" href="/it-builder/wp-includes/css/dist/block-library/style.min.css%3Fver=6.1.7.css" type="text/css" media="all" />
it-builder/news/news0003465/index.html	20	enc_q	      <link rel="stylesheet" href="/it-builder/wp-includes/css/classic-themes.min.css%3Fver=1.css" type="text/css" media="all" />
it-builder/news/news0003465/index.html	22	enc_q	      <link rel="stylesheet" id="slick_style-css" href="/it-builder/wp-content/plugins/lw-wae-contents-editor/aos/slick.css%3Fver=6.1.7.css" type="text/css" media="all" />
it-builder/news/news0003465/index.html	24	enc_q	      <link type="application/rsd+xml" title="RSD" href="/it-builder/xmlrpc.php%3Frsd" />
it-builder/news/news0003465/index.html	34	enc_q	      <link rel="stylesheet" href="/it-builder/wp-content/themes/itbuilder-theme/resource/css/common.css%3F=1.2.2.css" />
it-builder/news/news0003465/index.html	35	enc_q	      <link rel="stylesheet" media="print" href="/it-builder/wp-content/themes/itbuilder-theme/resource/css/print.css%3Fvar=0.1.css" />
it-builder/news/news0003465/index.html	134	enc_q	      <script type="text/javascript" src="/it-builder/wp-content/plugins/lw-wae-contents-editor/js/wae-section.js%3Fver=1.1" id="wae_front_script-js"></script>
it-builder/news/news0003465/index.html	135	enc_q	      <script type="text/javascript" src="/it-builder/wp-content/plugins/lw-wae-contents-editor/js/library.js%3Fver=1.1" id="wae_library_script-js"></script>
it-builder/news/news0003465/index-from-root-p3465.html	19	enc_q	      <link rel="stylesheet" href="/it-builder/wp-includes/css/dist/block-library/style.min.css%3Fver=6.1.7.css" type="text/css" media="all" />
it-builder/news/news0003465/index-from-root-p3465.html	20	enc_q	      <link rel="stylesheet" href="/it-builder/wp-includes/css/classic-themes.min.css%3Fver=1.css" type="text/css" media="all" />
it-builder/news/news0003465/index-from-root-p3465.html	22	enc_q	      <link rel="stylesheet" id="slick_style-css" href="/it-builder/wp-content/plugins/lw-wae-contents-editor/aos/slick.css%3Fver=6.1.7.css" type="text/css" media="all" />
it-builder/news/news0003465/index-from-root-p3465.html	24	enc_q	      <link type="application/rsd+xml" title="RSD" href="/it-builder/xmlrpc.php%3Frsd" />
it-builder/news/news0003465/index-from-root-p3465.html	34	enc_q	      <link rel="stylesheet" href="/it-builder/wp-content/themes/itbuilder-theme/resource/css/common.css%3F=1.2.2.css" />
it-builder/news/news0003465/index-from-root-p3465.html	35	enc_q	      <link rel="stylesheet" media="print" href="/it-builder/wp-content/themes/itbuilder-theme/resource/css/print.css%3Fvar=0.1.css" />
it-builder/news/news0003465/index-from-root-p3465.html	134	enc_q	      <script type="text/javascript" src="/it-builder/wp-content/plugins/lw-wae-contents-editor/js/wae-section.js%3Fver=1.1" id="wae_front_script-js"></script>
it-builder/news/news0003465/index-from-root-p3465.html	135	enc_q	      <script type="text/javascript" src="/it-builder/wp-content/plugins/lw-wae-contents-editor/js/library.js%3Fver=1.1" id="wae_library_script-js"></script>
it-builder/news/news0003409/index.html	19	enc_q	      <link rel="stylesheet" href="/it-builder/wp-includes/css/dist/block-library/style.min.css%3Fver=6.1.7.css" type="text/css" media="all" />
it-builder/news/news0003409/index.html	20	enc_q	      <link rel="stylesheet" href="/it-builder/wp-includes/css/classic-themes.min.css%3Fver=1.css" type="text/css" media="all" />
it-builder/news/news0003409/index.html	22	enc_q	      <link rel="stylesheet" id="slick_style-css" href="/it-builder/wp-content/plugins/lw-wae-contents-editor/aos/slick.css%3Fver=6.1.7.css" type="text/css" media="all" />
it-builder/news/news0003409/index.html	24	enc_q	      <link type="application/rsd+xml" title="RSD" href="/it-builder/xmlrpc.php%3Frsd" />
it-builder/news/news0003409/index.html	34	enc_q	      <link rel="stylesheet" href="/it-builder/wp-content/themes/itbuilder-theme/resource/css/common.css%3F=1.2.2.css" />
it-builder/news/news0003409/index.html	35	enc_q	      <link rel="stylesheet" media="print" href="/it-builder/wp-content/themes/itbuilder-theme/resource/css/print.css%3Fvar=0.1.css" />
it-builder/news/news0003409/index.html	136	enc_q	      <script type="text/javascript" src="/it-builder/wp-content/plugins/lw-wae-contents-editor/js/wae-section.js%3Fver=1.1" id="wae_front_script-js"></script>
it-builder/news/news0003409/index.html	137	enc_q	      <script type="text/javascript" src="/it-builder/wp-content/plugins/lw-wae-contents-editor/js/library.js%3Fver=1.1" id="wae_library_script-js"></script>
it-builder/news/news0003409/index-from-root-p3409.html	19	enc_q	      <link rel="stylesheet" href="/it-builder/wp-includes/css/dist/block-library/style.min.css%3Fver=6.1.7.css" type="text/css" media="all" />
it-builder/news/news0003409/index-from-root-p3409.html	20	enc_q	      <link rel="stylesheet" href="/it-builder/wp-includes/css/classic-themes.min.css%3Fver=1.css" type="text/css" media="all" />
it-builder/news/news0003409/index-from-root-p3409.html	22	enc_q	      <link rel="stylesheet" id="slick_style-css" href="/it-builder/wp-content/plugins/lw-wae-contents-editor/aos/slick.css%3Fver=6.1.7.css" type="text/css" media="all" />
it-builder/news/news0003409/index-from-root-p3409.html	24	enc_q	      <link type="application/rsd+xml" title="RSD" href="/it-builder/xmlrpc.php%3Frsd" />
it-builder/news/news0003409/index-from-root-p3409.html	34	enc_q	      <link rel="stylesheet" href="/it-builder/wp-content/themes/itbuilder-theme/resource/css/common.css%3F=1.2.2.css" />
it-builder/news/news0003409/index-from-root-p3409.html	35	enc_q	      <link rel="stylesheet" media="print" href="/it-builder/wp-content/themes/itbuilder-theme/resource/css/print.css%3Fvar=0.1.css" />
it-builder/news/news0003409/index-from-root-p3409.html	136	enc_q	      <script type="text/javascript" src="/it-builder/wp-content/plugins/lw-wae-contents-editor/js/wae-section.js%3Fver=1.1" id="wae_front_script-js"></script>
it-builder/news/news0003409/index-from-root-p3409.html	137	enc_q	      <script type="text/javascript" src="/it-builder/wp-content/plugins/lw-wae-contents-editor/js/library.js%3Fver=1.1" id="wae_library_script-js"></script>
it-builder/news/news0003604/index.html	19	enc_q	      <link rel="stylesheet" href="/it-builder/wp-includes/css/dist/block-library/style.min.css%3Fver=6.1.7.css" type="text/css" media="all" />
it-builder/news/news0003604/index.html	20	enc_q	      <link rel="stylesheet" href="/it-builder/wp-includes/css/classic-themes.min.css%3Fver=1.css" type="text/css" media="all" />
it-builder/news/news0003604/index.html	22	enc_q	      <link rel="stylesheet" id="slick_style-css" href="/it-builder/wp-content/plugins/lw-wae-contents-editor/aos/slick.css%3Fver=6.1.7.css" type="text/css" media="all" />
it-builder/news/news0003604/index.html	24	enc_q	      <link type="application/rsd+xml" title="RSD" href="/it-builder/xmlrpc.php%3Frsd" />
it-builder/news/news0003604/index.html	34	enc_q	      <link rel="stylesheet" href="/it-builder/wp-content/themes/itbuilder-theme/resource/css/common.css%3F=1.2.2.css" />
it-builder/news/news0003604/index.html	35	enc_q	      <link rel="stylesheet" media="print" href="/it-builder/wp-content/themes/itbuilder-theme/resource/css/print.css%3Fvar=0.1.css" />
it-builder/news/news0003604/index.html	136	enc_q	      <script type="text/javascript" src="/it-builder/wp-content/plugins/lw-wae-contents-editor/js/wae-section.js%3Fver=1.1" id="wae_front_script-js"></script>
it-builder/news/news0003604/index.html	137	enc_q	      <script type="text/javascript" src="/it-builder/wp-content/plugins/lw-wae-contents-editor/js/library.js%3Fver=1.1" id="wae_library_script-js"></script>
it-builder/news/news0003604/index-from-root-p3604.html	19	enc_q	      <link rel="stylesheet" href="/it-builder/wp-includes/css/dist/block-library/style.min.css%3Fver=6.1.7.css" type="text/css" media="all" />
it-builder/news/news0003604/index-from-root-p3604.html	20	enc_q	      <link rel="stylesheet" href="/it-builder/wp-includes/css/classic-themes.min.css%3Fver=1.css" type="text/css" media="all" />
it-builder/news/news0003604/index-from-root-p3604.html	22	enc_q	      <link rel="stylesheet" id="slick_style-css" href="/it-builder/wp-content/plugins/lw-wae-contents-editor/aos/slick.css%3Fver=6.1.7.css" type="text/css" media="all" />
it-builder/news/news0003604/index-from-root-p3604.html	24	enc_q	      <link type="application/rsd+xml" title="RSD" href="/it-builder/xmlrpc.php%3Frsd" />
it-builder/news/news0003604/index-from-root-p3604.html	34	enc_q	      <link rel="stylesheet" href="/it-builder/wp-content/themes/itbuilder-theme/resource/css/common.css%3F=1.2.2.css" />
it-builder/news/news0003604/index-from-root-p3604.html	35	enc_q	      <link rel="stylesheet" media="print" href="/it-builder/wp-content/themes/itbuilder-theme/resource/css/print.css%3Fvar=0.1.css" />
it-builder/news/news0003604/index-from-root-p3604.html	136	enc_q	      <script type="text/javascript" src="/it-builder/wp-content/plugins/lw-wae-contents-editor/js/wae-section.js%3Fver=1.1" id="wae_front_script-js"></script>
it-builder/news/news0003604/index-from-root-p3604.html	137	enc_q	      <script type="text/javascript" src="/it-builder/wp-content/plugins/lw-wae-contents-editor/js/library.js%3Fver=1.1" id="wae_library_script-js"></script>
it-builder/news/news0004074/index.html	19	enc_q	      <link rel="stylesheet" href="/it-builder/wp-includes/css/dist/block-library/style.min.css%3Fver=6.1.7.css" type="text/css" media="all" />
it-builder/news/news0004074/index.html	20	enc_q	      <link rel="stylesheet" href="/it-builder/wp-includes/css/classic-themes.min.css%3Fver=1.css" type="text/css" media="all" />
it-builder/news/news0004074/index.html	22	enc_q	      <link rel="stylesheet" id="slick_style-css" href="/it-builder/wp-content/plugins/lw-wae-contents-editor/aos/slick.css%3Fver=6.1.7.css" type="text/css" media="all" />
it-builder/news/news0004074/index.html	24	enc_q	      <link type="application/rsd+xml" title="RSD" href="/it-builder/xmlrpc.php%3Frsd" />
it-builder/news/news0004074/index.html	34	enc_q	      <link rel="stylesheet" href="/it-builder/wp-content/themes/itbuilder-theme/resource/css/common.css%3F=1.2.2.css" />
it-builder/news/news0004074/index.html	35	enc_q	      <link rel="stylesheet" media="print" href="/it-builder/wp-content/themes/itbuilder-theme/resource/css/print.css%3Fvar=0.1.css" />
it-builder/news/news0004074/index.html	119	enc_q	      <script type="text/javascript" src="/it-builder/wp-content/plugins/lw-wae-contents-editor/js/wae-section.js%3Fver=1.1" id="wae_front_script-js"></script>
it-builder/news/news0004074/index.html	120	enc_q	      <script type="text/javascript" src="/it-builder/wp-content/plugins/lw-wae-contents-editor/js/library.js%3Fver=1.1" id="wae_library_script-js"></script>
it-builder/news/news0004074/index-from-root-p4074.html	19	enc_q	      <link rel="stylesheet" href="/it-builder/wp-includes/css/dist/block-library/style.min.css%3Fver=6.1.7.css" type="text/css" media="all" />
it-builder/news/news0004074/index-from-root-p4074.html	20	enc_q	      <link rel="stylesheet" href="/it-builder/wp-includes/css/classic-themes.min.css%3Fver=1.css" type="text/css" media="all" />
it-builder/news/news0004074/index-from-root-p4074.html	22	enc_q	      <link rel="stylesheet" id="slick_style-css" href="/it-builder/wp-content/plugins/lw-wae-contents-editor/aos/slick.css%3Fver=6.1.7.css" type="text/css" media="all" />
it-builder/news/news0004074/index-from-root-p4074.html	24	enc_q	      <link type="application/rsd+xml" title="RSD" href="/it-builder/xmlrpc.php%3Frsd" />
it-builder/news/news0004074/index-from-root-p4074.html	34	enc_q	      <link rel="stylesheet" href="/it-builder/wp-content/themes/itbuilder-theme/resource/css/common.css%3F=1.2.2.css" />
it-builder/news/news0004074/index-from-root-p4074.html	35	enc_q	      <link rel="stylesheet" media="print" href="/it-builder/wp-content/themes/itbuilder-theme/resource/css/print.css%3Fvar=0.1.css" />
it-builder/news/news0004074/index-from-root-p4074.html	119	enc_q	      <script type="text/javascript" src="/it-builder/wp-content/plugins/lw-wae-contents-editor/js/wae-section.js%3Fver=1.1" id="wae_front_script-js"></script>
it-builder/news/news0004074/index-from-root-p4074.html	120	enc_q	      <script type="text/javascript" src="/it-builder/wp-content/plugins/lw-wae-contents-editor/js/library.js%3Fver=1.1" id="wae_library_script-js"></script>
it-builder/news/news0003497/index.html	19	enc_q	      <link rel="stylesheet" href="/it-builder/wp-includes/css/dist/block-library/style.min.css%3Fver=6.1.7.css" type="text/css" media="all" />
it-builder/news/news0003497/index.html	20	enc_q	      <link rel="stylesheet" href="/it-builder/wp-includes/css/classic-themes.min.css%3Fver=1.css" type="text/css" media="all" />
it-builder/news/news0003497/index.html	22	enc_q	      <link rel="stylesheet" id="slick_style-css" href="/it-builder/wp-content/plugins/lw-wae-contents-editor/aos/slick.css%3Fver=6.1.7.css" type="text/css" media="all" />
it-builder/news/news0003497/index.html	24	enc_q	      <link type="application/rsd+xml" title="RSD" href="/it-builder/xmlrpc.php%3Frsd" />
it-builder/news/news0003497/index.html	34	enc_q	      <link rel="stylesheet" href="/it-builder/wp-content/themes/itbuilder-theme/resource/css/common.css%3F=1.2.2.css" />
it-builder/news/news0003497/index.html	35	enc_q	      <link rel="stylesheet" media="print" href="/it-builder/wp-content/themes/itbuilder-theme/resource/css/print.css%3Fvar=0.1.css" />
it-builder/news/news0003497/index.html	133	enc_q	      <script type="text/javascript" src="/it-builder/wp-content/plugins/lw-wae-contents-editor/js/wae-section.js%3Fver=1.1" id="wae_front_script-js"></script>
it-builder/news/news0003497/index.html	134	enc_q	      <script type="text/javascript" src="/it-builder/wp-content/plugins/lw-wae-contents-editor/js/library.js%3Fver=1.1" id="wae_library_script-js"></script>
it-builder/news/news0003497/index-from-root-p3497.html	19	enc_q	      <link rel="stylesheet" href="/it-builder/wp-includes/css/dist/block-library/style.min.css%3Fver=6.1.7.css" type="text/css" media="all" />
it-builder/news/news0003497/index-from-root-p3497.html	20	enc_q	      <link rel="stylesheet" href="/it-builder/wp-includes/css/classic-themes.min.css%3Fver=1.css" type="text/css" media="all" />
it-builder/news/news0003497/index-from-root-p3497.html	22	enc_q	      <link rel="stylesheet" id="slick_style-css" href="/it-builder/wp-content/plugins/lw-wae-contents-editor/aos/slick.css%3Fver=6.1.7.css" type="text/css" media="all" />
it-builder/news/news0003497/index-from-root-p3497.html	24	enc_q	      <link type="application/rsd+xml" title="RSD" href="/it-builder/xmlrpc.php%3Frsd" />
it-builder/news/news0003497/index-from-root-p3497.html	34	enc_q	      <link rel="stylesheet" href="/it-builder/wp-content/themes/itbuilder-theme/resource/css/common.css%3F=1.2.2.css" />
it-builder/news/news0003497/index-from-root-p3497.html	35	enc_q	      <link rel="stylesheet" media="print" href="/it-builder/wp-content/themes/itbuilder-theme/resource/css/print.css%3Fvar=0.1.css" />
it-builder/news/news0003497/index-from-root-p3497.html	133	enc_q	      <script type="text/javascript" src="/it-builder/wp-content/plugins/lw-wae-contents-editor/js/wae-section.js%3Fver=1.1" id="wae_front_script-js"></script>
it-builder/news/news0003497/index-from-root-p3497.html	134	enc_q	      <script type="text/javascript" src="/it-builder/wp-content/plugins/lw-wae-contents-editor/js/library.js%3Fver=1.1" id="wae_library_script-js"></script>
it-builder/news/index.html	20	enc_q	      <link rel="stylesheet" href="/it-builder/wp-includes/css/dist/block-library/style.min.css%3Fver=6.1.7.css" type="text/css" media="all" />
it-builder/news/index.html	21	enc_q	      <link rel="stylesheet" href="/it-builder/wp-includes/css/classic-themes.min.css%3Fver=1.css" type="text/css" media="all" />
it-builder/news/index.html	23	enc_q	      <link rel="stylesheet" id="slick_style-css" href="/it-builder/wp-content/plugins/lw-wae-contents-editor/aos/slick.css%3Fver=6.1.7.css" type="text/css" media="all" />
it-builder/news/index.html	25	enc_q	      <link type="application/rsd+xml" title="RSD" href="/it-builder/xmlrpc.php%3Frsd" />
it-builder/news/index.html	32	enc_q	      <link rel="stylesheet" href="/it-builder/wp-content/themes/itbuilder-theme/resource/css/common.css%3F=1.2.2.css" />
it-builder/news/index.html	33	enc_q	      <link rel="stylesheet" media="print" href="/it-builder/wp-content/themes/itbuilder-theme/resource/css/print.css%3Fvar=0.1.css" />
it-builder/news/index.html	184	enc_q	      <script type="text/javascript" src="/it-builder/wp-content/plugins/lw-wae-contents-editor/js/wae-section.js%3Fver=1.1" id="wae_front_script-js"></script>
it-builder/news/index.html	185	enc_q	      <script type="text/javascript" src="/it-builder/wp-content/plugins/lw-wae-contents-editor/js/library.js%3Fver=1.1" id="wae_library_script-js"></script>
it-builder/news/news0002452/index.html	19	enc_q	      <link rel="stylesheet" href="/it-builder/wp-includes/css/dist/block-library/style.min.css%3Fver=6.1.7.css" type="text/css" media="all" />
it-builder/news/news0002452/index.html	20	enc_q	      <link rel="stylesheet" href="/it-builder/wp-includes/css/classic-themes.min.css%3Fver=1.css" type="text/css" media="all" />
it-builder/news/news0002452/index.html	22	enc_q	      <link rel="stylesheet" id="slick_style-css" href="/it-builder/wp-content/plugins/lw-wae-contents-editor/aos/slick.css%3Fver=6.1.7.css" type="text/css" media="all" />
it-builder/news/news0002452/index.html	24	enc_q	      <link type="application/rsd+xml" title="RSD" href="/it-builder/xmlrpc.php%3Frsd" />
it-builder/news/news0002452/index.html	34	enc_q	      <link rel="stylesheet" href="/it-builder/wp-content/themes/itbuilder-theme/resource/css/common.css%3F=1.2.2.css" />
it-builder/news/news0002452/index.html	35	enc_q	      <link rel="stylesheet" media="print" href="/it-builder/wp-content/themes/itbuilder-theme/resource/css/print.css%3Fvar=0.1.css" />
it-builder/news/news0002452/index.html	123	enc_q	      <script type="text/javascript" src="/it-builder/wp-content/plugins/lw-wae-contents-editor/js/wae-section.js%3Fver=1.1" id="wae_front_script-js"></script>
it-builder/news/news0002452/index.html	124	enc_q	      <script type="text/javascript" src="/it-builder/wp-content/plugins/lw-wae-contents-editor/js/library.js%3Fver=1.1" id="wae_library_script-js"></script>
it-builder/news/news0002452/index-from-root-p2452.html	19	enc_q	      <link rel="stylesheet" href="/it-builder/wp-includes/css/dist/block-library/style.min.css%3Fver=6.1.7.css" type="text/css" media="all" />
it-builder/news/news0002452/index-from-root-p2452.html	20	enc_q	      <link rel="stylesheet" href="/it-builder/wp-includes/css/classic-themes.min.css%3Fver=1.css" type="text/css" media="all" />
it-builder/news/news0002452/index-from-root-p2452.html	22	enc_q	      <link rel="stylesheet" id="slick_style-css" href="/it-builder/wp-content/plugins/lw-wae-contents-editor/aos/slick.css%3Fver=6.1.7.css" type="text/css" media="all" />
it-builder/news/news0002452/index-from-root-p2452.html	24	enc_q	      <link type="application/rsd+xml" title="RSD" href="/it-builder/xmlrpc.php%3Frsd" />
it-builder/news/news0002452/index-from-root-p2452.html	34	enc_q	      <link rel="stylesheet" href="/it-builder/wp-content/themes/itbuilder-theme/resource/css/common.css%3F=1.2.2.css" />
it-builder/news/news0002452/index-from-root-p2452.html	35	enc_q	      <link rel="stylesheet" media="print" href="/it-builder/wp-content/themes/itbuilder-theme/resource/css/print.css%3Fvar=0.1.css" />
it-builder/news/news0002452/index-from-root-p2452.html	123	enc_q	      <script type="text/javascript" src="/it-builder/wp-content/plugins/lw-wae-contents-editor/js/wae-section.js%3Fver=1.1" id="wae_front_script-js"></script>
it-builder/news/news0002452/index-from-root-p2452.html	124	enc_q	      <script type="text/javascript" src="/it-builder/wp-content/plugins/lw-wae-contents-editor/js/library.js%3Fver=1.1" id="wae_library_script-js"></script>
it-builder/news/news0003978/index.html	19	enc_q	      <link rel="stylesheet" href="/it-builder/wp-includes/css/dist/block-library/style.min.css%3Fver=6.1.7.css" type="text/css" media="all" />
it-builder/news/news0003978/index.html	20	enc_q	      <link rel="stylesheet" href="/it-builder/wp-includes/css/classic-themes.min.css%3Fver=1.css" type="text/css" media="all" />
it-builder/news/news0003978/index.html	22	enc_q	      <link rel="stylesheet" id="slick_style-css" href="/it-builder/wp-content/plugins/lw-wae-contents-editor/aos/slick.css%3Fver=6.1.7.css" type="text/css" media="all" />
it-builder/news/news0003978/index.html	24	enc_q	      <link type="application/rsd+xml" title="RSD" href="/it-builder/xmlrpc.php%3Frsd" />
it-builder/news/news0003978/index.html	34	enc_q	      <link rel="stylesheet" href="/it-builder/wp-content/themes/itbuilder-theme/resource/css/common.css%3F=1.2.2.css" />
it-builder/news/news0003978/index.html	35	enc_q	      <link rel="stylesheet" media="print" href="/it-builder/wp-content/themes/itbuilder-theme/resource/css/print.css%3Fvar=0.1.css" />
it-builder/news/news0003978/index.html	122	enc_q	      <script type="text/javascript" src="/it-builder/wp-content/plugins/lw-wae-contents-editor/js/wae-section.js%3Fver=1.1" id="wae_front_script-js"></script>
it-builder/news/news0003978/index.html	123	enc_q	      <script type="text/javascript" src="/it-builder/wp-content/plugins/lw-wae-contents-editor/js/library.js%3Fver=1.1" id="wae_library_script-js"></script>
it-builder/news/news0003978/index-from-root-p3978.html	19	enc_q	      <link rel="stylesheet" href="/it-builder/wp-includes/css/dist/block-library/style.min.css%3Fver=6.1.7.css" type="text/css" media="all" />
it-builder/news/news0003978/index-from-root-p3978.html	20	enc_q	      <link rel="stylesheet" href="/it-builder/wp-includes/css/classic-themes.min.css%3Fver=1.css" type="text/css" media="all" />
it-builder/news/news0003978/index-from-root-p3978.html	22	enc_q	      <link rel="stylesheet" id="slick_style-css" href="/it-builder/wp-content/plugins/lw-wae-contents-editor/aos/slick.css%3Fver=6.1.7.css" type="text/css" media="all" />
it-builder/news/news0003978/index-from-root-p3978.html	24	enc_q	      <link type="application/rsd+xml" title="RSD" href="/it-builder/xmlrpc.php%3Frsd" />
it-builder/news/news0003978/index-from-root-p3978.html	34	enc_q	      <link rel="stylesheet" href="/it-builder/wp-content/themes/itbuilder-theme/resource/css/common.css%3F=1.2.2.css" />
it-builder/news/news0003978/index-from-root-p3978.html	35	enc_q	      <link rel="stylesheet" media="print" href="/it-builder/wp-content/themes/itbuilder-theme/resource/css/print.css%3Fvar=0.1.css" />
it-builder/news/news0003978/index-from-root-p3978.html	122	enc_q	      <script type="text/javascript" src="/it-builder/wp-content/plugins/lw-wae-contents-editor/js/wae-section.js%3Fver=1.1" id="wae_front_script-js"></script>
it-builder/news/news0003978/index-from-root-p3978.html	123	enc_q	      <script type="text/javascript" src="/it-builder/wp-content/plugins/lw-wae-contents-editor/js/library.js%3Fver=1.1" id="wae_library_script-js"></script>
it-builder/news/news0002462/index.html	19	enc_q	      <link rel="stylesheet" href="/it-builder/wp-includes/css/dist/block-library/style.min.css%3Fver=6.1.7.css" type="text/css" media="all" />
it-builder/news/news0002462/index.html	20	enc_q	      <link rel="stylesheet" href="/it-builder/wp-includes/css/classic-themes.min.css%3Fver=1.css" type="text/css" media="all" />
it-builder/news/news0002462/index.html	22	enc_q	      <link rel="stylesheet" id="slick_style-css" href="/it-builder/wp-content/plugins/lw-wae-contents-editor/aos/slick.css%3Fver=6.1.7.css" type="text/css" media="all" />
it-builder/news/news0002462/index.html	24	enc_q	      <link type="application/rsd+xml" title="RSD" href="/it-builder/xmlrpc.php%3Frsd" />
it-builder/news/news0002462/index.html	34	enc_q	      <link rel="stylesheet" href="/it-builder/wp-content/themes/itbuilder-theme/resource/css/common.css%3F=1.2.2.css" />
it-builder/news/news0002462/index.html	35	enc_q	      <link rel="stylesheet" media="print" href="/it-builder/wp-content/themes/itbuilder-theme/resource/css/print.css%3Fvar=0.1.css" />
it-builder/news/news0002462/index.html	127	enc_q	      <script type="text/javascript" src="/it-builder/wp-content/plugins/lw-wae-contents-editor/js/wae-section.js%3Fver=1.1" id="wae_front_script-js"></script>
it-builder/news/news0002462/index.html	128	enc_q	      <script type="text/javascript" src="/it-builder/wp-content/plugins/lw-wae-contents-editor/js/library.js%3Fver=1.1" id="wae_library_script-js"></script>
it-builder/news/news0002462/index-from-root-p2462.html	19	enc_q	      <link rel="stylesheet" href="/it-builder/wp-includes/css/dist/block-library/style.min.css%3Fver=6.1.7.css" type="text/css" media="all" />
it-builder/news/news0002462/index-from-root-p2462.html	20	enc_q	      <link rel="stylesheet" href="/it-builder/wp-includes/css/classic-themes.min.css%3Fver=1.css" type="text/css" media="all" />
it-builder/news/news0002462/index-from-root-p2462.html	22	enc_q	      <link rel="stylesheet" id="slick_style-css" href="/it-builder/wp-content/plugins/lw-wae-contents-editor/aos/slick.css%3Fver=6.1.7.css" type="text/css" media="all" />
it-builder/news/news0002462/index-from-root-p2462.html	24	enc_q	      <link type="application/rsd+xml" title="RSD" href="/it-builder/xmlrpc.php%3Frsd" />
it-builder/news/news0002462/index-from-root-p2462.html	34	enc_q	      <link rel="stylesheet" href="/it-builder/wp-content/themes/itbuilder-theme/resource/css/common.css%3F=1.2.2.css" />
it-builder/news/news0002462/index-from-root-p2462.html	35	enc_q	      <link rel="stylesheet" media="print" href="/it-builder/wp-content/themes/itbuilder-theme/resource/css/print.css%3Fvar=0.1.css" />
it-builder/news/news0002462/index-from-root-p2462.html	127	enc_q	      <script type="text/javascript" src="/it-builder/wp-content/plugins/lw-wae-contents-editor/js/wae-section.js%3Fver=1.1" id="wae_front_script-js"></script>
it-builder/news/news0002462/index-from-root-p2462.html	128	enc_q	      <script type="text/javascript" src="/it-builder/wp-content/plugins/lw-wae-contents-editor/js/library.js%3Fver=1.1" id="wae_library_script-js"></script>
it-builder/news/news0002465/index.html	19	enc_q	      <link rel="stylesheet" href="/it-builder/wp-includes/css/dist/block-library/style.min.css%3Fver=6.1.7.css" type="text/css" media="all" />
it-builder/news/news0002465/index.html	20	enc_q	      <link rel="stylesheet" href="/it-builder/wp-includes/css/classic-themes.min.css%3Fver=1.css" type="text/css" media="all" />
it-builder/news/news0002465/index.html	22	enc_q	      <link rel="stylesheet" id="slick_style-css" href="/it-builder/wp-content/plugins/lw-wae-contents-editor/aos/slick.css%3Fver=6.1.7.css" type="text/css" media="all" />
it-builder/news/news0002465/index.html	24	enc_q	      <link type="application/rsd+xml" title="RSD" href="/it-builder/xmlrpc.php%3Frsd" />
it-builder/news/news0002465/index.html	34	enc_q	      <link rel="stylesheet" href="/it-builder/wp-content/themes/itbuilder-theme/resource/css/common.css%3F=1.2.2.css" />
it-builder/news/news0002465/index.html	35	enc_q	      <link rel="stylesheet" media="print" href="/it-builder/wp-content/themes/itbuilder-theme/resource/css/print.css%3Fvar=0.1.css" />
it-builder/news/news0002465/index.html	116	enc_q	      <script type="text/javascript" src="/it-builder/wp-content/plugins/lw-wae-contents-editor/js/wae-section.js%3Fver=1.1" id="wae_front_script-js"></script>
it-builder/news/news0002465/index.html	117	enc_q	      <script type="text/javascript" src="/it-builder/wp-content/plugins/lw-wae-contents-editor/js/library.js%3Fver=1.1" id="wae_library_script-js"></script>
it-builder/news/news0002465/index-from-root-p2465.html	19	enc_q	      <link rel="stylesheet" href="/it-builder/wp-includes/css/dist/block-library/style.min.css%3Fver=6.1.7.css" type="text/css" media="all" />
it-builder/news/news0002465/index-from-root-p2465.html	20	enc_q	      <link rel="stylesheet" href="/it-builder/wp-includes/css/classic-themes.min.css%3Fver=1.css" type="text/css" media="all" />
it-builder/news/news0002465/index-from-root-p2465.html	22	enc_q	      <link rel="stylesheet" id="slick_style-css" href="/it-builder/wp-content/plugins/lw-wae-contents-editor/aos/slick.css%3Fver=6.1.7.css" type="text/css" media="all" />
it-builder/news/news0002465/index-from-root-p2465.html	24	enc_q	      <link type="application/rsd+xml" title="RSD" href="/it-builder/xmlrpc.php%3Frsd" />
it-builder/news/news0002465/index-from-root-p2465.html	34	enc_q	      <link rel="stylesheet" href="/it-builder/wp-content/themes/itbuilder-theme/resource/css/common.css%3F=1.2.2.css" />
it-builder/news/news0002465/index-from-root-p2465.html	35	enc_q	      <link rel="stylesheet" media="print" href="/it-builder/wp-content/themes/itbuilder-theme/resource/css/print.css%3Fvar=0.1.css" />
it-builder/news/news0002465/index-from-root-p2465.html	116	enc_q	      <script type="text/javascript" src="/it-builder/wp-content/plugins/lw-wae-contents-editor/js/wae-section.js%3Fver=1.1" id="wae_front_script-js"></script>
it-builder/news/news0002465/index-from-root-p2465.html	117	enc_q	      <script type="text/javascript" src="/it-builder/wp-content/plugins/lw-wae-contents-editor/js/library.js%3Fver=1.1" id="wae_library_script-js"></script>
it-builder/news/news0003588/index.html	19	enc_q	      <link rel="stylesheet" href="/it-builder/wp-includes/css/dist/block-library/style.min.css%3Fver=6.1.7.css" type="text/css" media="all" />
it-builder/news/news0003588/index.html	20	enc_q	      <link rel="stylesheet" href="/it-builder/wp-includes/css/classic-themes.min.css%3Fver=1.css" type="text/css" media="all" />
it-builder/news/news0003588/index.html	22	enc_q	      <link rel="stylesheet" id="slick_style-css" href="/it-builder/wp-content/plugins/lw-wae-contents-editor/aos/slick.css%3Fver=6.1.7.css" type="text/css" media="all" />
it-builder/news/news0003588/index.html	24	enc_q	      <link type="application/rsd+xml" title="RSD" href="/it-builder/xmlrpc.php%3Frsd" />
it-builder/news/news0003588/index.html	34	enc_q	      <link rel="stylesheet" href="/it-builder/wp-content/themes/itbuilder-theme/resource/css/common.css%3F=1.2.2.css" />
it-builder/news/news0003588/index.html	35	enc_q	      <link rel="stylesheet" media="print" href="/it-builder/wp-content/themes/itbuilder-theme/resource/css/print.css%3Fvar=0.1.css" />
it-builder/news/news0003588/index.html	134	enc_q	      <script type="text/javascript" src="/it-builder/wp-content/plugins/lw-wae-contents-editor/js/wae-section.js%3Fver=1.1" id="wae_front_script-js"></script>
it-builder/news/news0003588/index.html	135	enc_q	      <script type="text/javascript" src="/it-builder/wp-content/plugins/lw-wae-contents-editor/js/library.js%3Fver=1.1" id="wae_library_script-js"></script>
it-builder/news/news0003588/index-from-root-p3588.html	19	enc_q	      <link rel="stylesheet" href="/it-builder/wp-includes/css/dist/block-library/style.min.css%3Fver=6.1.7.css" type="text/css" media="all" />
it-builder/news/news0003588/index-from-root-p3588.html	20	enc_q	      <link rel="stylesheet" href="/it-builder/wp-includes/css/classic-themes.min.css%3Fver=1.css" type="text/css" media="all" />
it-builder/news/news0003588/index-from-root-p3588.html	22	enc_q	      <link rel="stylesheet" id="slick_style-css" href="/it-builder/wp-content/plugins/lw-wae-contents-editor/aos/slick.css%3Fver=6.1.7.css" type="text/css" media="all" />
it-builder/news/news0003588/index-from-root-p3588.html	24	enc_q	      <link type="application/rsd+xml" title="RSD" href="/it-builder/xmlrpc.php%3Frsd" />
it-builder/news/news0003588/index-from-root-p3588.html	34	enc_q	      <link rel="stylesheet" href="/it-builder/wp-content/themes/itbuilder-theme/resource/css/common.css%3F=1.2.2.css" />
it-builder/news/news0003588/index-from-root-p3588.html	35	enc_q	      <link rel="stylesheet" media="print" href="/it-builder/wp-content/themes/itbuilder-theme/resource/css/print.css%3Fvar=0.1.css" />
it-builder/news/news0003588/index-from-root-p3588.html	134	enc_q	      <script type="text/javascript" src="/it-builder/wp-content/plugins/lw-wae-contents-editor/js/wae-section.js%3Fver=1.1" id="wae_front_script-js"></script>
it-builder/news/news0003588/index-from-root-p3588.html	135	enc_q	      <script type="text/javascript" src="/it-builder/wp-content/plugins/lw-wae-contents-editor/js/library.js%3Fver=1.1" id="wae_library_script-js"></script>
it-builder/news/news0003379/index.html	19	enc_q	      <link rel="stylesheet" href="/it-builder/wp-includes/css/dist/block-library/style.min.css%3Fver=6.1.7.css" type="text/css" media="all" />
it-builder/news/news0003379/index.html	20	enc_q	      <link rel="stylesheet" href="/it-builder/wp-includes/css/classic-themes.min.css%3Fver=1.css" type="text/css" media="all" />
it-builder/news/news0003379/index.html	22	enc_q	      <link rel="stylesheet" id="slick_style-css" href="/it-builder/wp-content/plugins/lw-wae-contents-editor/aos/slick.css%3Fver=6.1.7.css" type="text/css" media="all" />
it-builder/news/news0003379/index.html	24	enc_q	      <link type="application/rsd+xml" title="RSD" href="/it-builder/xmlrpc.php%3Frsd" />
it-builder/news/news0003379/index.html	34	enc_q	      <link rel="stylesheet" href="/it-builder/wp-content/themes/itbuilder-theme/resource/css/common.css%3F=1.2.2.css" />
it-builder/news/news0003379/index.html	35	enc_q	      <link rel="stylesheet" media="print" href="/it-builder/wp-content/themes/itbuilder-theme/resource/css/print.css%3Fvar=0.1.css" />
it-builder/news/news0003379/index.html	125	enc_q	      <script type="text/javascript" src="/it-builder/wp-content/plugins/lw-wae-contents-editor/js/wae-section.js%3Fver=1.1" id="wae_front_script-js"></script>
it-builder/news/news0003379/index.html	126	enc_q	      <script type="text/javascript" src="/it-builder/wp-content/plugins/lw-wae-contents-editor/js/library.js%3Fver=1.1" id="wae_library_script-js"></script>
it-builder/news/news0003379/index-from-root-p3379.html	19	enc_q	      <link rel="stylesheet" href="/it-builder/wp-includes/css/dist/block-library/style.min.css%3Fver=6.1.7.css" type="text/css" media="all" />
it-builder/news/news0003379/index-from-root-p3379.html	20	enc_q	      <link rel="stylesheet" href="/it-builder/wp-includes/css/classic-themes.min.css%3Fver=1.css" type="text/css" media="all" />
it-builder/news/news0003379/index-from-root-p3379.html	22	enc_q	      <link rel="stylesheet" id="slick_style-css" href="/it-builder/wp-content/plugins/lw-wae-contents-editor/aos/slick.css%3Fver=6.1.7.css" type="text/css" media="all" />
it-builder/news/news0003379/index-from-root-p3379.html	24	enc_q	      <link type="application/rsd+xml" title="RSD" href="/it-builder/xmlrpc.php%3Frsd" />
it-builder/news/news0003379/index-from-root-p3379.html	34	enc_q	      <link rel="stylesheet" href="/it-builder/wp-content/themes/itbuilder-theme/resource/css/common.css%3F=1.2.2.css" />
it-builder/news/news0003379/index-from-root-p3379.html	35	enc_q	      <link rel="stylesheet" media="print" href="/it-builder/wp-content/themes/itbuilder-theme/resource/css/print.css%3Fvar=0.1.css" />
it-builder/news/news0003379/index-from-root-p3379.html	125	enc_q	      <script type="text/javascript" src="/it-builder/wp-content/plugins/lw-wae-contents-editor/js/wae-section.js%3Fver=1.1" id="wae_front_script-js"></script>
it-builder/news/news0003379/index-from-root-p3379.html	126	enc_q	      <script type="text/javascript" src="/it-builder/wp-content/plugins/lw-wae-contents-editor/js/library.js%3Fver=1.1" id="wae_library_script-js"></script>
it-builder/news/news0002436/index.html	19	enc_q	      <link rel="stylesheet" href="/it-builder/wp-includes/css/dist/block-library/style.min.css%3Fver=6.1.7.css" type="text/css" media="all" />
it-builder/news/news0002436/index.html	20	enc_q	      <link rel="stylesheet" href="/it-builder/wp-includes/css/classic-themes.min.css%3Fver=1.css" type="text/css" media="all" />
it-builder/news/news0002436/index.html	22	enc_q	      <link rel="stylesheet" id="slick_style-css" href="/it-builder/wp-content/plugins/lw-wae-contents-editor/aos/slick.css%3Fver=6.1.7.css" type="text/css" media="all" />
it-builder/news/news0002436/index.html	24	enc_q	      <link type="application/rsd+xml" title="RSD" href="/it-builder/xmlrpc.php%3Frsd" />
it-builder/news/news0002436/index.html	34	enc_q	      <link rel="stylesheet" href="/it-builder/wp-content/themes/itbuilder-theme/resource/css/common.css%3F=1.2.2.css" />
it-builder/news/news0002436/index.html	35	enc_q	      <link rel="stylesheet" media="print" href="/it-builder/wp-content/themes/itbuilder-theme/resource/css/print.css%3Fvar=0.1.css" />
it-builder/news/news0002436/index.html	122	enc_q	      <script type="text/javascript" src="/it-builder/wp-content/plugins/lw-wae-contents-editor/js/wae-section.js%3Fver=1.1" id="wae_front_script-js"></script>
it-builder/news/news0002436/index.html	123	enc_q	      <script type="text/javascript" src="/it-builder/wp-content/plugins/lw-wae-contents-editor/js/library.js%3Fver=1.1" id="wae_library_script-js"></script>
it-builder/news/news0002436/index-from-root-p2436.html	19	enc_q	      <link rel="stylesheet" href="/it-builder/wp-includes/css/dist/block-library/style.min.css%3Fver=6.1.7.css" type="text/css" media="all" />
it-builder/news/news0002436/index-from-root-p2436.html	20	enc_q	      <link rel="stylesheet" href="/it-builder/wp-includes/css/classic-themes.min.css%3Fver=1.css" type="text/css" media="all" />
it-builder/news/news0002436/index-from-root-p2436.html	22	enc_q	      <link rel="stylesheet" id="slick_style-css" href="/it-builder/wp-content/plugins/lw-wae-contents-editor/aos/slick.css%3Fver=6.1.7.css" type="text/css" media="all" />
it-builder/news/news0002436/index-from-root-p2436.html	24	enc_q	      <link type="application/rsd+xml" title="RSD" href="/it-builder/xmlrpc.php%3Frsd" />
it-builder/news/news0002436/index-from-root-p2436.html	34	enc_q	      <link rel="stylesheet" href="/it-builder/wp-content/themes/itbuilder-theme/resource/css/common.css%3F=1.2.2.css" />
it-builder/news/news0002436/index-from-root-p2436.html	35	enc_q	      <link rel="stylesheet" media="print" href="/it-builder/wp-content/themes/itbuilder-theme/resource/css/print.css%3Fvar=0.1.css" />
it-builder/news/news0002436/index-from-root-p2436.html	122	enc_q	      <script type="text/javascript" src="/it-builder/wp-content/plugins/lw-wae-contents-editor/js/wae-section.js%3Fver=1.1" id="wae_front_script-js"></script>
it-builder/news/news0002436/index-from-root-p2436.html	123	enc_q	      <script type="text/javascript" src="/it-builder/wp-content/plugins/lw-wae-contents-editor/js/library.js%3Fver=1.1" id="wae_library_script-js"></script>
it-builder/news/news0003535/index.html	19	enc_q	      <link rel="stylesheet" href="/it-builder/wp-includes/css/dist/block-library/style.min.css%3Fver=6.1.7.css" type="text/css" media="all" />
it-builder/news/news0003535/index.html	20	enc_q	      <link rel="stylesheet" href="/it-builder/wp-includes/css/classic-themes.min.css%3Fver=1.css" type="text/css" media="all" />
it-builder/news/news0003535/index.html	22	enc_q	      <link rel="stylesheet" id="slick_style-css" href="/it-builder/wp-content/plugins/lw-wae-contents-editor/aos/slick.css%3Fver=6.1.7.css" type="text/css" media="all" />
it-builder/news/news0003535/index.html	24	enc_q	      <link type="application/rsd+xml" title="RSD" href="/it-builder/xmlrpc.php%3Frsd" />
it-builder/news/news0003535/index.html	34	enc_q	      <link rel="stylesheet" href="/it-builder/wp-content/themes/itbuilder-theme/resource/css/common.css%3F=1.2.2.css" />
it-builder/news/news0003535/index.html	35	enc_q	      <link rel="stylesheet" media="print" href="/it-builder/wp-content/themes/itbuilder-theme/resource/css/print.css%3Fvar=0.1.css" />
it-builder/news/news0003535/index.html	125	enc_q	      <script type="text/javascript" src="/it-builder/wp-content/plugins/lw-wae-contents-editor/js/wae-section.js%3Fver=1.1" id="wae_front_script-js"></script>
it-builder/news/news0003535/index.html	126	enc_q	      <script type="text/javascript" src="/it-builder/wp-content/plugins/lw-wae-contents-editor/js/library.js%3Fver=1.1" id="wae_library_script-js"></script>
it-builder/news/news0003535/index-from-root-p3535.html	19	enc_q	      <link rel="stylesheet" href="/it-builder/wp-includes/css/dist/block-library/style.min.css%3Fver=6.1.7.css" type="text/css" media="all" />
it-builder/news/news0003535/index-from-root-p3535.html	20	enc_q	      <link rel="stylesheet" href="/it-builder/wp-includes/css/classic-themes.min.css%3Fver=1.css" type="text/css" media="all" />
it-builder/news/news0003535/index-from-root-p3535.html	22	enc_q	      <link rel="stylesheet" id="slick_style-css" href="/it-builder/wp-content/plugins/lw-wae-contents-editor/aos/slick.css%3Fver=6.1.7.css" type="text/css" media="all" />
it-builder/news/news0003535/index-from-root-p3535.html	24	enc_q	      <link type="application/rsd+xml" title="RSD" href="/it-builder/xmlrpc.php%3Frsd" />
it-builder/news/news0003535/index-from-root-p3535.html	34	enc_q	      <link rel="stylesheet" href="/it-builder/wp-content/themes/itbuilder-theme/resource/css/common.css%3F=1.2.2.css" />
it-builder/news/news0003535/index-from-root-p3535.html	35	enc_q	      <link rel="stylesheet" media="print" href="/it-builder/wp-content/themes/itbuilder-theme/resource/css/print.css%3Fvar=0.1.css" />
it-builder/news/news0003535/index-from-root-p3535.html	125	enc_q	      <script type="text/javascript" src="/it-builder/wp-content/plugins/lw-wae-contents-editor/js/wae-section.js%3Fver=1.1" id="wae_front_script-js"></script>
it-builder/news/news0003535/index-from-root-p3535.html	126	enc_q	      <script type="text/javascript" src="/it-builder/wp-content/plugins/lw-wae-contents-editor/js/library.js%3Fver=1.1" id="wae_library_script-js"></script>
it-builder/news/news0003337/index.html	19	enc_q	      <link rel="stylesheet" href="/it-builder/wp-includes/css/dist/block-library/style.min.css%3Fver=6.1.7.css" type="text/css" media="all" />
it-builder/news/news0003337/index.html	20	enc_q	      <link rel="stylesheet" href="/it-builder/wp-includes/css/classic-themes.min.css%3Fver=1.css" type="text/css" media="all" />
it-builder/news/news0003337/index.html	22	enc_q	      <link rel="stylesheet" id="slick_style-css" href="/it-builder/wp-content/plugins/lw-wae-contents-editor/aos/slick.css%3Fver=6.1.7.css" type="text/css" media="all" />
it-builder/news/news0003337/index.html	24	enc_q	      <link type="application/rsd+xml" title="RSD" href="/it-builder/xmlrpc.php%3Frsd" />
it-builder/news/news0003337/index.html	34	enc_q	      <link rel="stylesheet" href="/it-builder/wp-content/themes/itbuilder-theme/resource/css/common.css%3F=1.2.2.css" />
it-builder/news/news0003337/index.html	35	enc_q	      <link rel="stylesheet" media="print" href="/it-builder/wp-content/themes/itbuilder-theme/resource/css/print.css%3Fvar=0.1.css" />
it-builder/news/news0003337/index.html	145	enc_q	      <script type="text/javascript" src="/it-builder/wp-content/plugins/lw-wae-contents-editor/js/wae-section.js%3Fver=1.1" id="wae_front_script-js"></script>
it-builder/news/news0003337/index.html	146	enc_q	      <script type="text/javascript" src="/it-builder/wp-content/plugins/lw-wae-contents-editor/js/library.js%3Fver=1.1" id="wae_library_script-js"></script>
it-builder/news/news0003337/index-from-root-p3337.html	19	enc_q	      <link rel="stylesheet" href="/it-builder/wp-includes/css/dist/block-library/style.min.css%3Fver=6.1.7.css" type="text/css" media="all" />
it-builder/news/news0003337/index-from-root-p3337.html	20	enc_q	      <link rel="stylesheet" href="/it-builder/wp-includes/css/classic-themes.min.css%3Fver=1.css" type="text/css" media="all" />
it-builder/news/news0003337/index-from-root-p3337.html	22	enc_q	      <link rel="stylesheet" id="slick_style-css" href="/it-builder/wp-content/plugins/lw-wae-contents-editor/aos/slick.css%3Fver=6.1.7.css" type="text/css" media="all" />
it-builder/news/news0003337/index-from-root-p3337.html	24	enc_q	      <link type="application/rsd+xml" title="RSD" href="/it-builder/xmlrpc.php%3Frsd" />
it-builder/news/news0003337/index-from-root-p3337.html	34	enc_q	      <link rel="stylesheet" href="/it-builder/wp-content/themes/itbuilder-theme/resource/css/common.css%3F=1.2.2.css" />
it-builder/news/news0003337/index-from-root-p3337.html	35	enc_q	      <link rel="stylesheet" media="print" href="/it-builder/wp-content/themes/itbuilder-theme/resource/css/print.css%3Fvar=0.1.css" />
it-builder/news/news0003337/index-from-root-p3337.html	145	enc_q	      <script type="text/javascript" src="/it-builder/wp-content/plugins/lw-wae-contents-editor/js/wae-section.js%3Fver=1.1" id="wae_front_script-js"></script>
it-builder/news/news0003337/index-from-root-p3337.html	146	enc_q	      <script type="text/javascript" src="/it-builder/wp-content/plugins/lw-wae-contents-editor/js/library.js%3Fver=1.1" id="wae_library_script-js"></script>
it-builder/news/news0002440/index.html	19	enc_q	      <link rel="stylesheet" href="/it-builder/wp-includes/css/dist/block-library/style.min.css%3Fver=6.1.7.css" type="text/css" media="all" />
it-builder/news/news0002440/index.html	20	enc_q	      <link rel="stylesheet" href="/it-builder/wp-includes/css/classic-themes.min.css%3Fver=1.css" type="text/css" media="all" />
it-builder/news/news0002440/index.html	22	enc_q	      <link rel="stylesheet" id="slick_style-css" href="/it-builder/wp-content/plugins/lw-wae-contents-editor/aos/slick.css%3Fver=6.1.7.css" type="text/css" media="all" />
it-builder/news/news0002440/index.html	24	enc_q	      <link type="application/rsd+xml" title="RSD" href="/it-builder/xmlrpc.php%3Frsd" />
it-builder/news/news0002440/index.html	34	enc_q	      <link rel="stylesheet" href="/it-builder/wp-content/themes/itbuilder-theme/resource/css/common.css%3F=1.2.2.css" />
it-builder/news/news0002440/index.html	35	enc_q	      <link rel="stylesheet" media="print" href="/it-builder/wp-content/themes/itbuilder-theme/resource/css/print.css%3Fvar=0.1.css" />
it-builder/news/news0002440/index.html	117	enc_q	      <script type="text/javascript" src="/it-builder/wp-content/plugins/lw-wae-contents-editor/js/wae-section.js%3Fver=1.1" id="wae_front_script-js"></script>
it-builder/news/news0002440/index.html	118	enc_q	      <script type="text/javascript" src="/it-builder/wp-content/plugins/lw-wae-contents-editor/js/library.js%3Fver=1.1" id="wae_library_script-js"></script>
it-builder/news/news0002440/index-from-root-p2440.html	19	enc_q	      <link rel="stylesheet" href="/it-builder/wp-includes/css/dist/block-library/style.min.css%3Fver=6.1.7.css" type="text/css" media="all" />
it-builder/news/news0002440/index-from-root-p2440.html	20	enc_q	      <link rel="stylesheet" href="/it-builder/wp-includes/css/classic-themes.min.css%3Fver=1.css" type="text/css" media="all" />
it-builder/news/news0002440/index-from-root-p2440.html	22	enc_q	      <link rel="stylesheet" id="slick_style-css" href="/it-builder/wp-content/plugins/lw-wae-contents-editor/aos/slick.css%3Fver=6.1.7.css" type="text/css" media="all" />
it-builder/news/news0002440/index-from-root-p2440.html	24	enc_q	      <link type="application/rsd+xml" title="RSD" href="/it-builder/xmlrpc.php%3Frsd" />
it-builder/news/news0002440/index-from-root-p2440.html	34	enc_q	      <link rel="stylesheet" href="/it-builder/wp-content/themes/itbuilder-theme/resource/css/common.css%3F=1.2.2.css" />
it-builder/news/news0002440/index-from-root-p2440.html	35	enc_q	      <link rel="stylesheet" media="print" href="/it-builder/wp-content/themes/itbuilder-theme/resource/css/print.css%3Fvar=0.1.css" />
it-builder/news/news0002440/index-from-root-p2440.html	117	enc_q	      <script type="text/javascript" src="/it-builder/wp-content/plugins/lw-wae-contents-editor/js/wae-section.js%3Fver=1.1" id="wae_front_script-js"></script>
it-builder/news/news0002440/index-from-root-p2440.html	118	enc_q	      <script type="text/javascript" src="/it-builder/wp-content/plugins/lw-wae-contents-editor/js/library.js%3Fver=1.1" id="wae_library_script-js"></script>
it-builder/news/news0003566/index.html	19	enc_q	      <link rel="stylesheet" href="/it-builder/wp-includes/css/dist/block-library/style.min.css%3Fver=6.1.7.css" type="text/css" media="all" />
it-builder/news/news0003566/index.html	20	enc_q	      <link rel="stylesheet" href="/it-builder/wp-includes/css/classic-themes.min.css%3Fver=1.css" type="text/css" media="all" />
it-builder/news/news0003566/index.html	22	enc_q	      <link rel="stylesheet" id="slick_style-css" href="/it-builder/wp-content/plugins/lw-wae-contents-editor/aos/slick.css%3Fver=6.1.7.css" type="text/css" media="all" />
it-builder/news/news0003566/index.html	24	enc_q	      <link type="application/rsd+xml" title="RSD" href="/it-builder/xmlrpc.php%3Frsd" />
it-builder/news/news0003566/index.html	34	enc_q	      <link rel="stylesheet" href="/it-builder/wp-content/themes/itbuilder-theme/resource/css/common.css%3F=1.2.2.css" />
it-builder/news/news0003566/index.html	35	enc_q	      <link rel="stylesheet" media="print" href="/it-builder/wp-content/themes/itbuilder-theme/resource/css/print.css%3Fvar=0.1.css" />
it-builder/news/news0003566/index.html	146	enc_q	      <script type="text/javascript" src="/it-builder/wp-content/plugins/lw-wae-contents-editor/js/wae-section.js%3Fver=1.1" id="wae_front_script-js"></script>
it-builder/news/news0003566/index.html	147	enc_q	      <script type="text/javascript" src="/it-builder/wp-content/plugins/lw-wae-contents-editor/js/library.js%3Fver=1.1" id="wae_library_script-js"></script>
it-builder/news/news0003566/index-from-root-p3566.html	19	enc_q	      <link rel="stylesheet" href="/it-builder/wp-includes/css/dist/block-library/style.min.css%3Fver=6.1.7.css" type="text/css" media="all" />
it-builder/news/news0003566/index-from-root-p3566.html	20	enc_q	      <link rel="stylesheet" href="/it-builder/wp-includes/css/classic-themes.min.css%3Fver=1.css" type="text/css" media="all" />
it-builder/news/news0003566/index-from-root-p3566.html	22	enc_q	      <link rel="stylesheet" id="slick_style-css" href="/it-builder/wp-content/plugins/lw-wae-contents-editor/aos/slick.css%3Fver=6.1.7.css" type="text/css" media="all" />
it-builder/news/news0003566/index-from-root-p3566.html	24	enc_q	      <link type="application/rsd+xml" title="RSD" href="/it-builder/xmlrpc.php%3Frsd" />
it-builder/news/news0003566/index-from-root-p3566.html	34	enc_q	      <link rel="stylesheet" href="/it-builder/wp-content/themes/itbuilder-theme/resource/css/common.css%3F=1.2.2.css" />
it-builder/news/news0003566/index-from-root-p3566.html	35	enc_q	      <link rel="stylesheet" media="print" href="/it-builder/wp-content/themes/itbuilder-theme/resource/css/print.css%3Fvar=0.1.css" />
it-builder/news/news0003566/index-from-root-p3566.html	146	enc_q	      <script type="text/javascript" src="/it-builder/wp-content/plugins/lw-wae-contents-editor/js/wae-section.js%3Fver=1.1" id="wae_front_script-js"></script>
it-builder/news/news0003566/index-from-root-p3566.html	147	enc_q	      <script type="text/javascript" src="/it-builder/wp-content/plugins/lw-wae-contents-editor/js/library.js%3Fver=1.1" id="wae_library_script-js"></script>
it-builder/news/news0004327/index.html	19	enc_q	      <link rel="stylesheet" href="/it-builder/wp-includes/css/dist/block-library/style.min.css%3Fver=6.1.7.css" type="text/css" media="all" />
it-builder/news/news0004327/index.html	20	enc_q	      <link rel="stylesheet" href="/it-builder/wp-includes/css/classic-themes.min.css%3Fver=1.css" type="text/css" media="all" />
it-builder/news/news0004327/index.html	22	enc_q	      <link rel="stylesheet" id="slick_style-css" href="/it-builder/wp-content/plugins/lw-wae-contents-editor/aos/slick.css%3Fver=6.1.7.css" type="text/css" media="all" />
it-builder/news/news0004327/index.html	24	enc_q	      <link type="application/rsd+xml" title="RSD" href="/it-builder/xmlrpc.php%3Frsd" />
it-builder/news/news0004327/index.html	34	enc_q	      <link rel="stylesheet" href="/it-builder/wp-content/themes/itbuilder-theme/resource/css/common.css%3F=1.2.2.css" />
it-builder/news/news0004327/index.html	35	enc_q	      <link rel="stylesheet" media="print" href="/it-builder/wp-content/themes/itbuilder-theme/resource/css/print.css%3Fvar=0.1.css" />
it-builder/news/news0004327/index.html	137	enc_q	      <script type="text/javascript" src="/it-builder/wp-content/plugins/lw-wae-contents-editor/js/wae-section.js%3Fver=1.1" id="wae_front_script-js"></script>
it-builder/news/news0004327/index.html	138	enc_q	      <script type="text/javascript" src="/it-builder/wp-content/plugins/lw-wae-contents-editor/js/library.js%3Fver=1.1" id="wae_library_script-js"></script>
it-builder/news/news0002449/index.html	19	enc_q	      <link rel="stylesheet" href="/it-builder/wp-includes/css/dist/block-library/style.min.css%3Fver=6.1.7.css" type="text/css" media="all" />
it-builder/news/news0002449/index.html	20	enc_q	      <link rel="stylesheet" href="/it-builder/wp-includes/css/classic-themes.min.css%3Fver=1.css" type="text/css" media="all" />
it-builder/news/news0002449/index.html	22	enc_q	      <link rel="stylesheet" id="slick_style-css" href="/it-builder/wp-content/plugins/lw-wae-contents-editor/aos/slick.css%3Fver=6.1.7.css" type="text/css" media="all" />
it-builder/news/news0002449/index.html	24	enc_q	      <link type="application/rsd+xml" title="RSD" href="/it-builder/xmlrpc.php%3Frsd" />
it-builder/news/news0002449/index.html	34	enc_q	      <link rel="stylesheet" href="/it-builder/wp-content/themes/itbuilder-theme/resource/css/common.css%3F=1.2.2.css" />
it-builder/news/news0002449/index.html	35	enc_q	      <link rel="stylesheet" media="print" href="/it-builder/wp-content/themes/itbuilder-theme/resource/css/print.css%3Fvar=0.1.css" />
it-builder/news/news0002449/index.html	130	enc_q	      <script type="text/javascript" src="/it-builder/wp-content/plugins/lw-wae-contents-editor/js/wae-section.js%3Fver=1.1" id="wae_front_script-js"></script>
it-builder/news/news0002449/index.html	131	enc_q	      <script type="text/javascript" src="/it-builder/wp-content/plugins/lw-wae-contents-editor/js/library.js%3Fver=1.1" id="wae_library_script-js"></script>
it-builder/news/news0002449/index-from-root-p2449.html	19	enc_q	      <link rel="stylesheet" href="/it-builder/wp-includes/css/dist/block-library/style.min.css%3Fver=6.1.7.css" type="text/css" media="all" />
it-builder/news/news0002449/index-from-root-p2449.html	20	enc_q	      <link rel="stylesheet" href="/it-builder/wp-includes/css/classic-themes.min.css%3Fver=1.css" type="text/css" media="all" />
it-builder/news/news0002449/index-from-root-p2449.html	22	enc_q	      <link rel="stylesheet" id="slick_style-css" href="/it-builder/wp-content/plugins/lw-wae-contents-editor/aos/slick.css%3Fver=6.1.7.css" type="text/css" media="all" />
it-builder/news/news0002449/index-from-root-p2449.html	24	enc_q	      <link type="application/rsd+xml" title="RSD" href="/it-builder/xmlrpc.php%3Frsd" />
it-builder/news/news0002449/index-from-root-p2449.html	34	enc_q	      <link rel="stylesheet" href="/it-builder/wp-content/themes/itbuilder-theme/resource/css/common.css%3F=1.2.2.css" />
it-builder/news/news0002449/index-from-root-p2449.html	35	enc_q	      <link rel="stylesheet" media="print" href="/it-builder/wp-content/themes/itbuilder-theme/resource/css/print.css%3Fvar=0.1.css" />
it-builder/news/news0002449/index-from-root-p2449.html	130	enc_q	      <script type="text/javascript" src="/it-builder/wp-content/plugins/lw-wae-contents-editor/js/wae-section.js%3Fver=1.1" id="wae_front_script-js"></script>
it-builder/news/news0002449/index-from-root-p2449.html	131	enc_q	      <script type="text/javascript" src="/it-builder/wp-content/plugins/lw-wae-contents-editor/js/library.js%3Fver=1.1" id="wae_library_script-js"></script>
it-builder/news/news0002446/index-from-root-p2446.html	19	enc_q	      <link rel="stylesheet" href="/it-builder/wp-includes/css/dist/block-library/style.min.css%3Fver=6.1.7.css" type="text/css" media="all" />
it-builder/news/news0002446/index-from-root-p2446.html	20	enc_q	      <link rel="stylesheet" href="/it-builder/wp-includes/css/classic-themes.min.css%3Fver=1.css" type="text/css" media="all" />
it-builder/news/news0002446/index-from-root-p2446.html	22	enc_q	      <link rel="stylesheet" id="slick_style-css" href="/it-builder/wp-content/plugins/lw-wae-contents-editor/aos/slick.css%3Fver=6.1.7.css" type="text/css" media="all" />
it-builder/news/news0002446/index-from-root-p2446.html	24	enc_q	      <link type="application/rsd+xml" title="RSD" href="/it-builder/xmlrpc.php%3Frsd" />
it-builder/news/news0002446/index-from-root-p2446.html	34	enc_q	      <link rel="stylesheet" href="/it-builder/wp-content/themes/itbuilder-theme/resource/css/common.css%3F=1.2.2.css" />
it-builder/news/news0002446/index-from-root-p2446.html	35	enc_q	      <link rel="stylesheet" media="print" href="/it-builder/wp-content/themes/itbuilder-theme/resource/css/print.css%3Fvar=0.1.css" />
it-builder/news/news0002446/index-from-root-p2446.html	137	enc_q	      <script type="text/javascript" src="/it-builder/wp-content/plugins/lw-wae-contents-editor/js/wae-section.js%3Fver=1.1" id="wae_front_script-js"></script>
it-builder/news/news0002446/index-from-root-p2446.html	138	enc_q	      <script type="text/javascript" src="/it-builder/wp-content/plugins/lw-wae-contents-editor/js/library.js%3Fver=1.1" id="wae_library_script-js"></script>
it-builder/news/news0002446/index.html	19	enc_q	      <link rel="stylesheet" href="/it-builder/wp-includes/css/dist/block-library/style.min.css%3Fver=6.1.7.css" type="text/css" media="all" />
it-builder/news/news0002446/index.html	20	enc_q	      <link rel="stylesheet" href="/it-builder/wp-includes/css/classic-themes.min.css%3Fver=1.css" type="text/css" media="all" />
it-builder/news/news0002446/index.html	22	enc_q	      <link rel="stylesheet" id="slick_style-css" href="/it-builder/wp-content/plugins/lw-wae-contents-editor/aos/slick.css%3Fver=6.1.7.css" type="text/css" media="all" />
it-builder/news/news0002446/index.html	24	enc_q	      <link type="application/rsd+xml" title="RSD" href="/it-builder/xmlrpc.php%3Frsd" />
it-builder/news/news0002446/index.html	34	enc_q	      <link rel="stylesheet" href="/it-builder/wp-content/themes/itbuilder-theme/resource/css/common.css%3F=1.2.2.css" />
it-builder/news/news0002446/index.html	35	enc_q	      <link rel="stylesheet" media="print" href="/it-builder/wp-content/themes/itbuilder-theme/resource/css/print.css%3Fvar=0.1.css" />
it-builder/news/news0002446/index.html	137	enc_q	      <script type="text/javascript" src="/it-builder/wp-content/plugins/lw-wae-contents-editor/js/wae-section.js%3Fver=1.1" id="wae_front_script-js"></script>
it-builder/news/news0002446/index.html	138	enc_q	      <script type="text/javascript" src="/it-builder/wp-content/plugins/lw-wae-contents-editor/js/library.js%3Fver=1.1" id="wae_library_script-js"></script>
it-builder/news/news0003402/index.html	19	enc_q	      <link rel="stylesheet" href="/it-builder/wp-includes/css/dist/block-library/style.min.css%3Fver=6.1.7.css" type="text/css" media="all" />
it-builder/news/news0003402/index.html	20	enc_q	      <link rel="stylesheet" href="/it-builder/wp-includes/css/classic-themes.min.css%3Fver=1.css" type="text/css" media="all" />
it-builder/news/news0003402/index.html	22	enc_q	      <link rel="stylesheet" id="slick_style-css" href="/it-builder/wp-content/plugins/lw-wae-contents-editor/aos/slick.css%3Fver=6.1.7.css" type="text/css" media="all" />
it-builder/news/news0003402/index.html	24	enc_q	      <link type="application/rsd+xml" title="RSD" href="/it-builder/xmlrpc.php%3Frsd" />
it-builder/news/news0003402/index.html	34	enc_q	      <link rel="stylesheet" href="/it-builder/wp-content/themes/itbuilder-theme/resource/css/common.css%3F=1.2.2.css" />
it-builder/news/news0003402/index.html	35	enc_q	      <link rel="stylesheet" media="print" href="/it-builder/wp-content/themes/itbuilder-theme/resource/css/print.css%3Fvar=0.1.css" />
it-builder/news/news0003402/index.html	115	enc_q	      <script type="text/javascript" src="/it-builder/wp-content/plugins/lw-wae-contents-editor/js/wae-section.js%3Fver=1.1" id="wae_front_script-js"></script>
it-builder/news/news0003402/index.html	116	enc_q	      <script type="text/javascript" src="/it-builder/wp-content/plugins/lw-wae-contents-editor/js/library.js%3Fver=1.1" id="wae_library_script-js"></script>
it-builder/news/news0003402/index-from-root-p3402.html	19	enc_q	      <link rel="stylesheet" href="/it-builder/wp-includes/css/dist/block-library/style.min.css%3Fver=6.1.7.css" type="text/css" media="all" />
it-builder/news/news0003402/index-from-root-p3402.html	20	enc_q	      <link rel="stylesheet" href="/it-builder/wp-includes/css/classic-themes.min.css%3Fver=1.css" type="text/css" media="all" />
it-builder/news/news0003402/index-from-root-p3402.html	22	enc_q	      <link rel="stylesheet" id="slick_style-css" href="/it-builder/wp-content/plugins/lw-wae-contents-editor/aos/slick.css%3Fver=6.1.7.css" type="text/css" media="all" />
it-builder/news/news0003402/index-from-root-p3402.html	24	enc_q	      <link type="application/rsd+xml" title="RSD" href="/it-builder/xmlrpc.php%3Frsd" />
it-builder/news/news0003402/index-from-root-p3402.html	34	enc_q	      <link rel="stylesheet" href="/it-builder/wp-content/themes/itbuilder-theme/resource/css/common.css%3F=1.2.2.css" />
it-builder/news/news0003402/index-from-root-p3402.html	35	enc_q	      <link rel="stylesheet" media="print" href="/it-builder/wp-content/themes/itbuilder-theme/resource/css/print.css%3Fvar=0.1.css" />
it-builder/news/news0003402/index-from-root-p3402.html	115	enc_q	      <script type="text/javascript" src="/it-builder/wp-content/plugins/lw-wae-contents-editor/js/wae-section.js%3Fver=1.1" id="wae_front_script-js"></script>
it-builder/news/news0003402/index-from-root-p3402.html	116	enc_q	      <script type="text/javascript" src="/it-builder/wp-content/plugins/lw-wae-contents-editor/js/library.js%3Fver=1.1" id="wae_library_script-js"></script>
it-builder/news/news0003523/index.html	19	enc_q	      <link rel="stylesheet" href="/it-builder/wp-includes/css/dist/block-library/style.min.css%3Fver=6.1.7.css" type="text/css" media="all" />
it-builder/news/news0003523/index.html	20	enc_q	      <link rel="stylesheet" href="/it-builder/wp-includes/css/classic-themes.min.css%3Fver=1.css" type="text/css" media="all" />
it-builder/news/news0003523/index.html	22	enc_q	      <link rel="stylesheet" id="slick_style-css" href="/it-builder/wp-content/plugins/lw-wae-contents-editor/aos/slick.css%3Fver=6.1.7.css" type="text/css" media="all" />
it-builder/news/news0003523/index.html	24	enc_q	      <link type="application/rsd+xml" title="RSD" href="/it-builder/xmlrpc.php%3Frsd" />
it-builder/news/news0003523/index.html	34	enc_q	      <link rel="stylesheet" href="/it-builder/wp-content/themes/itbuilder-theme/resource/css/common.css%3F=1.2.2.css" />
it-builder/news/news0003523/index.html	35	enc_q	      <link rel="stylesheet" media="print" href="/it-builder/wp-content/themes/itbuilder-theme/resource/css/print.css%3Fvar=0.1.css" />
it-builder/news/news0003523/index.html	136	enc_q	      <script type="text/javascript" src="/it-builder/wp-content/plugins/lw-wae-contents-editor/js/wae-section.js%3Fver=1.1" id="wae_front_script-js"></script>
it-builder/news/news0003523/index.html	137	enc_q	      <script type="text/javascript" src="/it-builder/wp-content/plugins/lw-wae-contents-editor/js/library.js%3Fver=1.1" id="wae_library_script-js"></script>
it-builder/news/news0003523/index-from-root-p3523.html	19	enc_q	      <link rel="stylesheet" href="/it-builder/wp-includes/css/dist/block-library/style.min.css%3Fver=6.1.7.css" type="text/css" media="all" />
it-builder/news/news0003523/index-from-root-p3523.html	20	enc_q	      <link rel="stylesheet" href="/it-builder/wp-includes/css/classic-themes.min.css%3Fver=1.css" type="text/css" media="all" />
it-builder/news/news0003523/index-from-root-p3523.html	22	enc_q	      <link rel="stylesheet" id="slick_style-css" href="/it-builder/wp-content/plugins/lw-wae-contents-editor/aos/slick.css%3Fver=6.1.7.css" type="text/css" media="all" />
it-builder/news/news0003523/index-from-root-p3523.html	24	enc_q	      <link type="application/rsd+xml" title="RSD" href="/it-builder/xmlrpc.php%3Frsd" />
it-builder/news/news0003523/index-from-root-p3523.html	34	enc_q	      <link rel="stylesheet" href="/it-builder/wp-content/themes/itbuilder-theme/resource/css/common.css%3F=1.2.2.css" />
it-builder/news/news0003523/index-from-root-p3523.html	35	enc_q	      <link rel="stylesheet" media="print" href="/it-builder/wp-content/themes/itbuilder-theme/resource/css/print.css%3Fvar=0.1.css" />
it-builder/news/news0003523/index-from-root-p3523.html	136	enc_q	      <script type="text/javascript" src="/it-builder/wp-content/plugins/lw-wae-contents-editor/js/wae-section.js%3Fver=1.1" id="wae_front_script-js"></script>
it-builder/news/news0003523/index-from-root-p3523.html	137	enc_q	      <script type="text/javascript" src="/it-builder/wp-content/plugins/lw-wae-contents-editor/js/library.js%3Fver=1.1" id="wae_library_script-js"></script>
it-builder/news/news0003515/index.html	19	enc_q	      <link rel="stylesheet" href="/it-builder/wp-includes/css/dist/block-library/style.min.css%3Fver=6.1.7.css" type="text/css" media="all" />
it-builder/news/news0003515/index.html	20	enc_q	      <link rel="stylesheet" href="/it-builder/wp-includes/css/classic-themes.min.css%3Fver=1.css" type="text/css" media="all" />
it-builder/news/news0003515/index.html	22	enc_q	      <link rel="stylesheet" id="slick_style-css" href="/it-builder/wp-content/plugins/lw-wae-contents-editor/aos/slick.css%3Fver=6.1.7.css" type="text/css" media="all" />
it-builder/news/news0003515/index.html	24	enc_q	      <link type="application/rsd+xml" title="RSD" href="/it-builder/xmlrpc.php%3Frsd" />
it-builder/news/news0003515/index.html	34	enc_q	      <link rel="stylesheet" href="/it-builder/wp-content/themes/itbuilder-theme/resource/css/common.css%3F=1.2.2.css" />
it-builder/news/news0003515/index.html	35	enc_q	      <link rel="stylesheet" media="print" href="/it-builder/wp-content/themes/itbuilder-theme/resource/css/print.css%3Fvar=0.1.css" />
it-builder/news/news0003515/index.html	115	enc_q	      <script type="text/javascript" src="/it-builder/wp-content/plugins/lw-wae-contents-editor/js/wae-section.js%3Fver=1.1" id="wae_front_script-js"></script>
it-builder/news/news0003515/index.html	116	enc_q	      <script type="text/javascript" src="/it-builder/wp-content/plugins/lw-wae-contents-editor/js/library.js%3Fver=1.1" id="wae_library_script-js"></script>
it-builder/news/news0003515/index-from-root-p3515.html	19	enc_q	      <link rel="stylesheet" href="/it-builder/wp-includes/css/dist/block-library/style.min.css%3Fver=6.1.7.css" type="text/css" media="all" />
it-builder/news/news0003515/index-from-root-p3515.html	20	enc_q	      <link rel="stylesheet" href="/it-builder/wp-includes/css/classic-themes.min.css%3Fver=1.css" type="text/css" media="all" />
it-builder/news/news0003515/index-from-root-p3515.html	22	enc_q	      <link rel="stylesheet" id="slick_style-css" href="/it-builder/wp-content/plugins/lw-wae-contents-editor/aos/slick.css%3Fver=6.1.7.css" type="text/css" media="all" />
it-builder/news/news0003515/index-from-root-p3515.html	24	enc_q	      <link type="application/rsd+xml" title="RSD" href="/it-builder/xmlrpc.php%3Frsd" />
it-builder/news/news0003515/index-from-root-p3515.html	34	enc_q	      <link rel="stylesheet" href="/it-builder/wp-content/themes/itbuilder-theme/resource/css/common.css%3F=1.2.2.css" />
it-builder/news/news0003515/index-from-root-p3515.html	35	enc_q	      <link rel="stylesheet" media="print" href="/it-builder/wp-content/themes/itbuilder-theme/resource/css/print.css%3Fvar=0.1.css" />
it-builder/news/news0003515/index-from-root-p3515.html	115	enc_q	      <script type="text/javascript" src="/it-builder/wp-content/plugins/lw-wae-contents-editor/js/wae-section.js%3Fver=1.1" id="wae_front_script-js"></script>
it-builder/news/news0003515/index-from-root-p3515.html	116	enc_q	      <script type="text/javascript" src="/it-builder/wp-content/plugins/lw-wae-contents-editor/js/library.js%3Fver=1.1" id="wae_library_script-js"></script>
it-builder/news/news0004103/index.html	19	enc_q	      <link rel="stylesheet" href="/it-builder/wp-includes/css/dist/block-library/style.min.css%3Fver=6.1.7.css" type="text/css" media="all" />
it-builder/news/news0004103/index.html	20	enc_q	      <link rel="stylesheet" href="/it-builder/wp-includes/css/classic-themes.min.css%3Fver=1.css" type="text/css" media="all" />
it-builder/news/news0004103/index.html	22	enc_q	      <link rel="stylesheet" id="slick_style-css" href="/it-builder/wp-content/plugins/lw-wae-contents-editor/aos/slick.css%3Fver=6.1.7.css" type="text/css" media="all" />
it-builder/news/news0004103/index.html	24	enc_q	      <link type="application/rsd+xml" title="RSD" href="/it-builder/xmlrpc.php%3Frsd" />
it-builder/news/news0004103/index.html	34	enc_q	      <link rel="stylesheet" href="/it-builder/wp-content/themes/itbuilder-theme/resource/css/common.css%3F=1.2.2.css" />
it-builder/news/news0004103/index.html	35	enc_q	      <link rel="stylesheet" media="print" href="/it-builder/wp-content/themes/itbuilder-theme/resource/css/print.css%3Fvar=0.1.css" />
it-builder/news/news0004103/index.html	123	enc_q	      <script type="text/javascript" src="/it-builder/wp-content/plugins/lw-wae-contents-editor/js/wae-section.js%3Fver=1.1" id="wae_front_script-js"></script>
it-builder/news/news0004103/index.html	124	enc_q	      <script type="text/javascript" src="/it-builder/wp-content/plugins/lw-wae-contents-editor/js/library.js%3Fver=1.1" id="wae_library_script-js"></script>
it-builder/news/news0004103/index-from-root-p4103.html	19	enc_q	      <link rel="stylesheet" href="/it-builder/wp-includes/css/dist/block-library/style.min.css%3Fver=6.1.7.css" type="text/css" media="all" />
it-builder/news/news0004103/index-from-root-p4103.html	20	enc_q	      <link rel="stylesheet" href="/it-builder/wp-includes/css/classic-themes.min.css%3Fver=1.css" type="text/css" media="all" />
it-builder/news/news0004103/index-from-root-p4103.html	22	enc_q	      <link rel="stylesheet" id="slick_style-css" href="/it-builder/wp-content/plugins/lw-wae-contents-editor/aos/slick.css%3Fver=6.1.7.css" type="text/css" media="all" />
it-builder/news/news0004103/index-from-root-p4103.html	24	enc_q	      <link type="application/rsd+xml" title="RSD" href="/it-builder/xmlrpc.php%3Frsd" />
it-builder/news/news0004103/index-from-root-p4103.html	34	enc_q	      <link rel="stylesheet" href="/it-builder/wp-content/themes/itbuilder-theme/resource/css/common.css%3F=1.2.2.css" />
it-builder/news/news0004103/index-from-root-p4103.html	35	enc_q	      <link rel="stylesheet" media="print" href="/it-builder/wp-content/themes/itbuilder-theme/resource/css/print.css%3Fvar=0.1.css" />
it-builder/news/news0004103/index-from-root-p4103.html	123	enc_q	      <script type="text/javascript" src="/it-builder/wp-content/plugins/lw-wae-contents-editor/js/wae-section.js%3Fver=1.1" id="wae_front_script-js"></script>
it-builder/news/news0004103/index-from-root-p4103.html	124	enc_q	      <script type="text/javascript" src="/it-builder/wp-content/plugins/lw-wae-contents-editor/js/library.js%3Fver=1.1" id="wae_library_script-js"></script>
it-builder/news/news0002456/index.html	19	enc_q	      <link rel="stylesheet" href="/it-builder/wp-includes/css/dist/block-library/style.min.css%3Fver=6.1.7.css" type="text/css" media="all" />
it-builder/news/news0002456/index.html	20	enc_q	      <link rel="stylesheet" href="/it-builder/wp-includes/css/classic-themes.min.css%3Fver=1.css" type="text/css" media="all" />
it-builder/news/news0002456/index.html	22	enc_q	      <link rel="stylesheet" id="slick_style-css" href="/it-builder/wp-content/plugins/lw-wae-contents-editor/aos/slick.css%3Fver=6.1.7.css" type="text/css" media="all" />
it-builder/news/news0002456/index.html	24	enc_q	      <link type="application/rsd+xml" title="RSD" href="/it-builder/xmlrpc.php%3Frsd" />
it-builder/news/news0002456/index.html	34	enc_q	      <link rel="stylesheet" href="/it-builder/wp-content/themes/itbuilder-theme/resource/css/common.css%3F=1.2.2.css" />
it-builder/news/news0002456/index.html	35	enc_q	      <link rel="stylesheet" media="print" href="/it-builder/wp-content/themes/itbuilder-theme/resource/css/print.css%3Fvar=0.1.css" />
it-builder/news/news0002456/index.html	113	enc_q	      <script type="text/javascript" src="/it-builder/wp-content/plugins/lw-wae-contents-editor/js/wae-section.js%3Fver=1.1" id="wae_front_script-js"></script>
it-builder/news/news0002456/index.html	114	enc_q	      <script type="text/javascript" src="/it-builder/wp-content/plugins/lw-wae-contents-editor/js/library.js%3Fver=1.1" id="wae_library_script-js"></script>
it-builder/news/news0002456/index-from-root-p2456.html	19	enc_q	      <link rel="stylesheet" href="/it-builder/wp-includes/css/dist/block-library/style.min.css%3Fver=6.1.7.css" type="text/css" media="all" />
it-builder/news/news0002456/index-from-root-p2456.html	20	enc_q	      <link rel="stylesheet" href="/it-builder/wp-includes/css/classic-themes.min.css%3Fver=1.css" type="text/css" media="all" />
it-builder/news/news0002456/index-from-root-p2456.html	22	enc_q	      <link rel="stylesheet" id="slick_style-css" href="/it-builder/wp-content/plugins/lw-wae-contents-editor/aos/slick.css%3Fver=6.1.7.css" type="text/css" media="all" />
it-builder/news/news0002456/index-from-root-p2456.html	24	enc_q	      <link type="application/rsd+xml" title="RSD" href="/it-builder/xmlrpc.php%3Frsd" />
it-builder/news/news0002456/index-from-root-p2456.html	34	enc_q	      <link rel="stylesheet" href="/it-builder/wp-content/themes/itbuilder-theme/resource/css/common.css%3F=1.2.2.css" />
it-builder/news/news0002456/index-from-root-p2456.html	35	enc_q	      <link rel="stylesheet" media="print" href="/it-builder/wp-content/themes/itbuilder-theme/resource/css/print.css%3Fvar=0.1.css" />
it-builder/news/news0002456/index-from-root-p2456.html	113	enc_q	      <script type="text/javascript" src="/it-builder/wp-content/plugins/lw-wae-contents-editor/js/wae-section.js%3Fver=1.1" id="wae_front_script-js"></script>
it-builder/news/news0002456/index-from-root-p2456.html	114	enc_q	      <script type="text/javascript" src="/it-builder/wp-content/plugins/lw-wae-contents-editor/js/library.js%3Fver=1.1" id="wae_library_script-js"></script>
it-builder/news/news0004167/index.html	19	enc_q	      <link rel="stylesheet" href="/it-builder/wp-includes/css/dist/block-library/style.min.css%3Fver=6.1.7.css" type="text/css" media="all" />
it-builder/news/news0004167/index.html	20	enc_q	      <link rel="stylesheet" href="/it-builder/wp-includes/css/classic-themes.min.css%3Fver=1.css" type="text/css" media="all" />
it-builder/news/news0004167/index.html	22	enc_q	      <link rel="stylesheet" id="slick_style-css" href="/it-builder/wp-content/plugins/lw-wae-contents-editor/aos/slick.css%3Fver=6.1.7.css" type="text/css" media="all" />
it-builder/news/news0004167/index.html	24	enc_q	      <link type="application/rsd+xml" title="RSD" href="/it-builder/xmlrpc.php%3Frsd" />
it-builder/news/news0004167/index.html	34	enc_q	      <link rel="stylesheet" href="/it-builder/wp-content/themes/itbuilder-theme/resource/css/common.css%3F=1.2.2.css" />
it-builder/news/news0004167/index.html	35	enc_q	      <link rel="stylesheet" media="print" href="/it-builder/wp-content/themes/itbuilder-theme/resource/css/print.css%3Fvar=0.1.css" />
it-builder/news/news0004167/index.html	122	enc_q	      <script type="text/javascript" src="/it-builder/wp-content/plugins/lw-wae-contents-editor/js/wae-section.js%3Fver=1.1" id="wae_front_script-js"></script>
it-builder/news/news0004167/index.html	123	enc_q	      <script type="text/javascript" src="/it-builder/wp-content/plugins/lw-wae-contents-editor/js/library.js%3Fver=1.1" id="wae_library_script-js"></script>
it-builder/news/news0004167/index-from-root-p4167.html	19	enc_q	      <link rel="stylesheet" href="/it-builder/wp-includes/css/dist/block-library/style.min.css%3Fver=6.1.7.css" type="text/css" media="all" />
it-builder/news/news0004167/index-from-root-p4167.html	20	enc_q	      <link rel="stylesheet" href="/it-builder/wp-includes/css/classic-themes.min.css%3Fver=1.css" type="text/css" media="all" />
it-builder/news/news0004167/index-from-root-p4167.html	22	enc_q	      <link rel="stylesheet" id="slick_style-css" href="/it-builder/wp-content/plugins/lw-wae-contents-editor/aos/slick.css%3Fver=6.1.7.css" type="text/css" media="all" />
it-builder/news/news0004167/index-from-root-p4167.html	24	enc_q	      <link type="application/rsd+xml" title="RSD" href="/it-builder/xmlrpc.php%3Frsd" />
it-builder/news/news0004167/index-from-root-p4167.html	34	enc_q	      <link rel="stylesheet" href="/it-builder/wp-content/themes/itbuilder-theme/resource/css/common.css%3F=1.2.2.css" />
it-builder/news/news0004167/index-from-root-p4167.html	35	enc_q	      <link rel="stylesheet" media="print" href="/it-builder/wp-content/themes/itbuilder-theme/resource/css/print.css%3Fvar=0.1.css" />
it-builder/news/news0004167/index-from-root-p4167.html	122	enc_q	      <script type="text/javascript" src="/it-builder/wp-content/plugins/lw-wae-contents-editor/js/wae-section.js%3Fver=1.1" id="wae_front_script-js"></script>
it-builder/news/news0004167/index-from-root-p4167.html	123	enc_q	      <script type="text/javascript" src="/it-builder/wp-content/plugins/lw-wae-contents-editor/js/library.js%3Fver=1.1" id="wae_library_script-js"></script>
it-builder/news/news0003124/index.html	19	enc_q	      <link rel="stylesheet" href="/it-builder/wp-includes/css/dist/block-library/style.min.css%3Fver=6.1.7.css" type="text/css" media="all" />
it-builder/news/news0003124/index.html	20	enc_q	      <link rel="stylesheet" href="/it-builder/wp-includes/css/classic-themes.min.css%3Fver=1.css" type="text/css" media="all" />
it-builder/news/news0003124/index.html	22	enc_q	      <link rel="stylesheet" id="slick_style-css" href="/it-builder/wp-content/plugins/lw-wae-contents-editor/aos/slick.css%3Fver=6.1.7.css" type="text/css" media="all" />
it-builder/news/news0003124/index.html	24	enc_q	      <link type="application/rsd+xml" title="RSD" href="/it-builder/xmlrpc.php%3Frsd" />
it-builder/news/news0003124/index.html	34	enc_q	      <link rel="stylesheet" href="/it-builder/wp-content/themes/itbuilder-theme/resource/css/common.css%3F=1.2.2.css" />
it-builder/news/news0003124/index.html	35	enc_q	      <link rel="stylesheet" media="print" href="/it-builder/wp-content/themes/itbuilder-theme/resource/css/print.css%3Fvar=0.1.css" />
it-builder/news/news0003124/index.html	132	enc_q	      <script type="text/javascript" src="/it-builder/wp-content/plugins/lw-wae-contents-editor/js/wae-section.js%3Fver=1.1" id="wae_front_script-js"></script>
it-builder/news/news0003124/index.html	133	enc_q	      <script type="text/javascript" src="/it-builder/wp-content/plugins/lw-wae-contents-editor/js/library.js%3Fver=1.1" id="wae_library_script-js"></script>
it-builder/news/news0003124/index-from-root-p3124.html	19	enc_q	      <link rel="stylesheet" href="/it-builder/wp-includes/css/dist/block-library/style.min.css%3Fver=6.1.7.css" type="text/css" media="all" />
it-builder/news/news0003124/index-from-root-p3124.html	20	enc_q	      <link rel="stylesheet" href="/it-builder/wp-includes/css/classic-themes.min.css%3Fver=1.css" type="text/css" media="all" />
it-builder/news/news0003124/index-from-root-p3124.html	22	enc_q	      <link rel="stylesheet" id="slick_style-css" href="/it-builder/wp-content/plugins/lw-wae-contents-editor/aos/slick.css%3Fver=6.1.7.css" type="text/css" media="all" />
it-builder/news/news0003124/index-from-root-p3124.html	24	enc_q	      <link type="application/rsd+xml" title="RSD" href="/it-builder/xmlrpc.php%3Frsd" />
it-builder/news/news0003124/index-from-root-p3124.html	34	enc_q	      <link rel="stylesheet" href="/it-builder/wp-content/themes/itbuilder-theme/resource/css/common.css%3F=1.2.2.css" />
it-builder/news/news0003124/index-from-root-p3124.html	35	enc_q	      <link rel="stylesheet" media="print" href="/it-builder/wp-content/themes/itbuilder-theme/resource/css/print.css%3Fvar=0.1.css" />
it-builder/news/news0003124/index-from-root-p3124.html	132	enc_q	      <script type="text/javascript" src="/it-builder/wp-content/plugins/lw-wae-contents-editor/js/wae-section.js%3Fver=1.1" id="wae_front_script-js"></script>
it-builder/news/news0003124/index-from-root-p3124.html	133	enc_q	      <script type="text/javascript" src="/it-builder/wp-content/plugins/lw-wae-contents-editor/js/library.js%3Fver=1.1" id="wae_library_script-js"></script>
it-builder/news/news0002459/index.html	19	enc_q	      <link rel="stylesheet" href="/it-builder/wp-includes/css/dist/block-library/style.min.css%3Fver=6.1.7.css" type="text/css" media="all" />
it-builder/news/news0002459/index.html	20	enc_q	      <link rel="stylesheet" href="/it-builder/wp-includes/css/classic-themes.min.css%3Fver=1.css" type="text/css" media="all" />
it-builder/news/news0002459/index.html	22	enc_q	      <link rel="stylesheet" id="slick_style-css" href="/it-builder/wp-content/plugins/lw-wae-contents-editor/aos/slick.css%3Fver=6.1.7.css" type="text/css" media="all" />
it-builder/news/news0002459/index.html	24	enc_q	      <link type="application/rsd+xml" title="RSD" href="/it-builder/xmlrpc.php%3Frsd" />
it-builder/news/news0002459/index.html	34	enc_q	      <link rel="stylesheet" href="/it-builder/wp-content/themes/itbuilder-theme/resource/css/common.css%3F=1.2.2.css" />
it-builder/news/news0002459/index.html	35	enc_q	      <link rel="stylesheet" media="print" href="/it-builder/wp-content/themes/itbuilder-theme/resource/css/print.css%3Fvar=0.1.css" />
it-builder/news/news0002459/index.html	115	enc_q	      <script type="text/javascript" src="/it-builder/wp-content/plugins/lw-wae-contents-editor/js/wae-section.js%3Fver=1.1" id="wae_front_script-js"></script>
it-builder/news/news0002459/index.html	116	enc_q	      <script type="text/javascript" src="/it-builder/wp-content/plugins/lw-wae-contents-editor/js/library.js%3Fver=1.1" id="wae_library_script-js"></script>
it-builder/news/news0002459/index-from-root-p2459.html	19	enc_q	      <link rel="stylesheet" href="/it-builder/wp-includes/css/dist/block-library/style.min.css%3Fver=6.1.7.css" type="text/css" media="all" />
it-builder/news/news0002459/index-from-root-p2459.html	20	enc_q	      <link rel="stylesheet" href="/it-builder/wp-includes/css/classic-themes.min.css%3Fver=1.css" type="text/css" media="all" />
it-builder/news/news0002459/index-from-root-p2459.html	22	enc_q	      <link rel="stylesheet" id="slick_style-css" href="/it-builder/wp-content/plugins/lw-wae-contents-editor/aos/slick.css%3Fver=6.1.7.css" type="text/css" media="all" />
it-builder/news/news0002459/index-from-root-p2459.html	24	enc_q	      <link type="application/rsd+xml" title="RSD" href="/it-builder/xmlrpc.php%3Frsd" />
it-builder/news/news0002459/index-from-root-p2459.html	34	enc_q	      <link rel="stylesheet" href="/it-builder/wp-content/themes/itbuilder-theme/resource/css/common.css%3F=1.2.2.css" />
it-builder/news/news0002459/index-from-root-p2459.html	35	enc_q	      <link rel="stylesheet" media="print" href="/it-builder/wp-content/themes/itbuilder-theme/resource/css/print.css%3Fvar=0.1.css" />
it-builder/news/news0002459/index-from-root-p2459.html	115	enc_q	      <script type="text/javascript" src="/it-builder/wp-content/plugins/lw-wae-contents-editor/js/wae-section.js%3Fver=1.1" id="wae_front_script-js"></script>
it-builder/news/news0002459/index-from-root-p2459.html	116	enc_q	      <script type="text/javascript" src="/it-builder/wp-content/plugins/lw-wae-contents-editor/js/library.js%3Fver=1.1" id="wae_library_script-js"></script>
it-builder/news/news0002443/index.html	19	enc_q	      <link rel="stylesheet" href="/it-builder/wp-includes/css/dist/block-library/style.min.css%3Fver=6.1.7.css" type="text/css" media="all" />
it-builder/news/news0002443/index.html	20	enc_q	      <link rel="stylesheet" href="/it-builder/wp-includes/css/classic-themes.min.css%3Fver=1.css" type="text/css" media="all" />
it-builder/news/news0002443/index.html	22	enc_q	      <link rel="stylesheet" id="slick_style-css" href="/it-builder/wp-content/plugins/lw-wae-contents-editor/aos/slick.css%3Fver=6.1.7.css" type="text/css" media="all" />
it-builder/news/news0002443/index.html	24	enc_q	      <link type="application/rsd+xml" title="RSD" href="/it-builder/xmlrpc.php%3Frsd" />
it-builder/news/news0002443/index.html	34	enc_q	      <link rel="stylesheet" href="/it-builder/wp-content/themes/itbuilder-theme/resource/css/common.css%3F=1.2.2.css" />
it-builder/news/news0002443/index.html	35	enc_q	      <link rel="stylesheet" media="print" href="/it-builder/wp-content/themes/itbuilder-theme/resource/css/print.css%3Fvar=0.1.css" />
it-builder/news/news0002443/index.html	132	enc_q	      <script type="text/javascript" src="/it-builder/wp-content/plugins/lw-wae-contents-editor/js/wae-section.js%3Fver=1.1" id="wae_front_script-js"></script>
it-builder/news/news0002443/index.html	133	enc_q	      <script type="text/javascript" src="/it-builder/wp-content/plugins/lw-wae-contents-editor/js/library.js%3Fver=1.1" id="wae_library_script-js"></script>
it-builder/news/news0002443/index-from-root-p2443.html	19	enc_q	      <link rel="stylesheet" href="/it-builder/wp-includes/css/dist/block-library/style.min.css%3Fver=6.1.7.css" type="text/css" media="all" />
it-builder/news/news0002443/index-from-root-p2443.html	20	enc_q	      <link rel="stylesheet" href="/it-builder/wp-includes/css/classic-themes.min.css%3Fver=1.css" type="text/css" media="all" />
it-builder/news/news0002443/index-from-root-p2443.html	22	enc_q	      <link rel="stylesheet" id="slick_style-css" href="/it-builder/wp-content/plugins/lw-wae-contents-editor/aos/slick.css%3Fver=6.1.7.css" type="text/css" media="all" />
it-builder/news/news0002443/index-from-root-p2443.html	24	enc_q	      <link type="application/rsd+xml" title="RSD" href="/it-builder/xmlrpc.php%3Frsd" />
it-builder/news/news0002443/index-from-root-p2443.html	34	enc_q	      <link rel="stylesheet" href="/it-builder/wp-content/themes/itbuilder-theme/resource/css/common.css%3F=1.2.2.css" />
it-builder/news/news0002443/index-from-root-p2443.html	35	enc_q	      <link rel="stylesheet" media="print" href="/it-builder/wp-content/themes/itbuilder-theme/resource/css/print.css%3Fvar=0.1.css" />
it-builder/news/news0002443/index-from-root-p2443.html	132	enc_q	      <script type="text/javascript" src="/it-builder/wp-content/plugins/lw-wae-contents-editor/js/wae-section.js%3Fver=1.1" id="wae_front_script-js"></script>
it-builder/news/news0002443/index-from-root-p2443.html	133	enc_q	      <script type="text/javascript" src="/it-builder/wp-content/plugins/lw-wae-contents-editor/js/library.js%3Fver=1.1" id="wae_library_script-js"></script>
it-builder/news/news0002475/index.html	19	enc_q	      <link rel="stylesheet" href="/it-builder/wp-includes/css/dist/block-library/style.min.css%3Fver=6.1.7.css" type="text/css" media="all" />
it-builder/news/news0002475/index.html	20	enc_q	      <link rel="stylesheet" href="/it-builder/wp-includes/css/classic-themes.min.css%3Fver=1.css" type="text/css" media="all" />
it-builder/news/news0002475/index.html	22	enc_q	      <link rel="stylesheet" id="slick_style-css" href="/it-builder/wp-content/plugins/lw-wae-contents-editor/aos/slick.css%3Fver=6.1.7.css" type="text/css" media="all" />
it-builder/news/news0002475/index.html	24	enc_q	      <link type="application/rsd+xml" title="RSD" href="/it-builder/xmlrpc.php%3Frsd" />
it-builder/news/news0002475/index.html	34	enc_q	      <link rel="stylesheet" href="/it-builder/wp-content/themes/itbuilder-theme/resource/css/common.css%3F=1.2.2.css" />
it-builder/news/news0002475/index.html	35	enc_q	      <link rel="stylesheet" media="print" href="/it-builder/wp-content/themes/itbuilder-theme/resource/css/print.css%3Fvar=0.1.css" />
it-builder/news/news0002475/index.html	117	enc_q	      <script type="text/javascript" src="/it-builder/wp-content/plugins/lw-wae-contents-editor/js/wae-section.js%3Fver=1.1" id="wae_front_script-js"></script>
it-builder/news/news0002475/index.html	118	enc_q	      <script type="text/javascript" src="/it-builder/wp-content/plugins/lw-wae-contents-editor/js/library.js%3Fver=1.1" id="wae_library_script-js"></script>
it-builder/news/news0002475/index-from-root-p2475.html	19	enc_q	      <link rel="stylesheet" href="/it-builder/wp-includes/css/dist/block-library/style.min.css%3Fver=6.1.7.css" type="text/css" media="all" />
it-builder/news/news0002475/index-from-root-p2475.html	20	enc_q	      <link rel="stylesheet" href="/it-builder/wp-includes/css/classic-themes.min.css%3Fver=1.css" type="text/css" media="all" />
it-builder/news/news0002475/index-from-root-p2475.html	22	enc_q	      <link rel="stylesheet" id="slick_style-css" href="/it-builder/wp-content/plugins/lw-wae-contents-editor/aos/slick.css%3Fver=6.1.7.css" type="text/css" media="all" />
it-builder/news/news0002475/index-from-root-p2475.html	24	enc_q	      <link type="application/rsd+xml" title="RSD" href="/it-builder/xmlrpc.php%3Frsd" />
it-builder/news/news0002475/index-from-root-p2475.html	34	enc_q	      <link rel="stylesheet" href="/it-builder/wp-content/themes/itbuilder-theme/resource/css/common.css%3F=1.2.2.css" />
it-builder/news/news0002475/index-from-root-p2475.html	35	enc_q	      <link rel="stylesheet" media="print" href="/it-builder/wp-content/themes/itbuilder-theme/resource/css/print.css%3Fvar=0.1.css" />
it-builder/news/news0002475/index-from-root-p2475.html	117	enc_q	      <script type="text/javascript" src="/it-builder/wp-content/plugins/lw-wae-contents-editor/js/wae-section.js%3Fver=1.1" id="wae_front_script-js"></script>
it-builder/news/news0002475/index-from-root-p2475.html	118	enc_q	      <script type="text/javascript" src="/it-builder/wp-content/plugins/lw-wae-contents-editor/js/library.js%3Fver=1.1" id="wae_library_script-js"></script>
it-builder/news/news0003305/index.html	19	enc_q	      <link rel="stylesheet" href="/it-builder/wp-includes/css/dist/block-library/style.min.css%3Fver=6.1.7.css" type="text/css" media="all" />
it-builder/news/news0003305/index.html	20	enc_q	      <link rel="stylesheet" href="/it-builder/wp-includes/css/classic-themes.min.css%3Fver=1.css" type="text/css" media="all" />
it-builder/news/news0003305/index.html	22	enc_q	      <link rel="stylesheet" id="slick_style-css" href="/it-builder/wp-content/plugins/lw-wae-contents-editor/aos/slick.css%3Fver=6.1.7.css" type="text/css" media="all" />
it-builder/news/news0003305/index.html	24	enc_q	      <link type="application/rsd+xml" title="RSD" href="/it-builder/xmlrpc.php%3Frsd" />
it-builder/news/news0003305/index.html	34	enc_q	      <link rel="stylesheet" href="/it-builder/wp-content/themes/itbuilder-theme/resource/css/common.css%3F=1.2.2.css" />
it-builder/news/news0003305/index.html	35	enc_q	      <link rel="stylesheet" media="print" href="/it-builder/wp-content/themes/itbuilder-theme/resource/css/print.css%3Fvar=0.1.css" />
it-builder/news/news0003305/index.html	139	enc_q	      <script type="text/javascript" src="/it-builder/wp-content/plugins/lw-wae-contents-editor/js/wae-section.js%3Fver=1.1" id="wae_front_script-js"></script>
it-builder/news/news0003305/index.html	140	enc_q	      <script type="text/javascript" src="/it-builder/wp-content/plugins/lw-wae-contents-editor/js/library.js%3Fver=1.1" id="wae_library_script-js"></script>
it-builder/news/news0003305/index-from-root-p3305.html	19	enc_q	      <link rel="stylesheet" href="/it-builder/wp-includes/css/dist/block-library/style.min.css%3Fver=6.1.7.css" type="text/css" media="all" />
it-builder/news/news0003305/index-from-root-p3305.html	20	enc_q	      <link rel="stylesheet" href="/it-builder/wp-includes/css/classic-themes.min.css%3Fver=1.css" type="text/css" media="all" />
it-builder/news/news0003305/index-from-root-p3305.html	22	enc_q	      <link rel="stylesheet" id="slick_style-css" href="/it-builder/wp-content/plugins/lw-wae-contents-editor/aos/slick.css%3Fver=6.1.7.css" type="text/css" media="all" />
it-builder/news/news0003305/index-from-root-p3305.html	24	enc_q	      <link type="application/rsd+xml" title="RSD" href="/it-builder/xmlrpc.php%3Frsd" />
it-builder/news/news0003305/index-from-root-p3305.html	34	enc_q	      <link rel="stylesheet" href="/it-builder/wp-content/themes/itbuilder-theme/resource/css/common.css%3F=1.2.2.css" />
it-builder/news/news0003305/index-from-root-p3305.html	35	enc_q	      <link rel="stylesheet" media="print" href="/it-builder/wp-content/themes/itbuilder-theme/resource/css/print.css%3Fvar=0.1.css" />
it-builder/news/news0003305/index-from-root-p3305.html	139	enc_q	      <script type="text/javascript" src="/it-builder/wp-content/plugins/lw-wae-contents-editor/js/wae-section.js%3Fver=1.1" id="wae_front_script-js"></script>
it-builder/news/news0003305/index-from-root-p3305.html	140	enc_q	      <script type="text/javascript" src="/it-builder/wp-content/plugins/lw-wae-contents-editor/js/library.js%3Fver=1.1" id="wae_library_script-js"></script>
it-builder/news/news0003704/index.html	19	enc_q	      <link rel="stylesheet" href="/it-builder/wp-includes/css/dist/block-library/style.min.css%3Fver=6.1.7.css" type="text/css" media="all" />
it-builder/news/news0003704/index.html	20	enc_q	      <link rel="stylesheet" href="/it-builder/wp-includes/css/classic-themes.min.css%3Fver=1.css" type="text/css" media="all" />
it-builder/news/news0003704/index.html	22	enc_q	      <link rel="stylesheet" id="slick_style-css" href="/it-builder/wp-content/plugins/lw-wae-contents-editor/aos/slick.css%3Fver=6.1.7.css" type="text/css" media="all" />
it-builder/news/news0003704/index.html	24	enc_q	      <link type="application/rsd+xml" title="RSD" href="/it-builder/xmlrpc.php%3Frsd" />
it-builder/news/news0003704/index.html	34	enc_q	      <link rel="stylesheet" href="/it-builder/wp-content/themes/itbuilder-theme/resource/css/common.css%3F=1.2.2.css" />
it-builder/news/news0003704/index.html	35	enc_q	      <link rel="stylesheet" media="print" href="/it-builder/wp-content/themes/itbuilder-theme/resource/css/print.css%3Fvar=0.1.css" />
it-builder/news/news0003704/index.html	141	enc_q	      <script type="text/javascript" src="/it-builder/wp-content/plugins/lw-wae-contents-editor/js/wae-section.js%3Fver=1.1" id="wae_front_script-js"></script>
it-builder/news/news0003704/index.html	142	enc_q	      <script type="text/javascript" src="/it-builder/wp-content/plugins/lw-wae-contents-editor/js/library.js%3Fver=1.1" id="wae_library_script-js"></script>
it-builder/news/news0003704/index-from-root-p3704.html	19	enc_q	      <link rel="stylesheet" href="/it-builder/wp-includes/css/dist/block-library/style.min.css%3Fver=6.1.7.css" type="text/css" media="all" />
it-builder/news/news0003704/index-from-root-p3704.html	20	enc_q	      <link rel="stylesheet" href="/it-builder/wp-includes/css/classic-themes.min.css%3Fver=1.css" type="text/css" media="all" />
it-builder/news/news0003704/index-from-root-p3704.html	22	enc_q	      <link rel="stylesheet" id="slick_style-css" href="/it-builder/wp-content/plugins/lw-wae-contents-editor/aos/slick.css%3Fver=6.1.7.css" type="text/css" media="all" />
it-builder/news/news0003704/index-from-root-p3704.html	24	enc_q	      <link type="application/rsd+xml" title="RSD" href="/it-builder/xmlrpc.php%3Frsd" />
it-builder/news/news0003704/index-from-root-p3704.html	34	enc_q	      <link rel="stylesheet" href="/it-builder/wp-content/themes/itbuilder-theme/resource/css/common.css%3F=1.2.2.css" />
it-builder/news/news0003704/index-from-root-p3704.html	35	enc_q	      <link rel="stylesheet" media="print" href="/it-builder/wp-content/themes/itbuilder-theme/resource/css/print.css%3Fvar=0.1.css" />
it-builder/news/news0003704/index-from-root-p3704.html	141	enc_q	      <script type="text/javascript" src="/it-builder/wp-content/plugins/lw-wae-contents-editor/js/wae-section.js%3Fver=1.1" id="wae_front_script-js"></script>
it-builder/news/news0003704/index-from-root-p3704.html	142	enc_q	      <script type="text/javascript" src="/it-builder/wp-content/plugins/lw-wae-contents-editor/js/library.js%3Fver=1.1" id="wae_library_script-js"></script>
it-builder/news/news0003367/index.html	19	enc_q	      <link rel="stylesheet" href="/it-builder/wp-includes/css/dist/block-library/style.min.css%3Fver=6.1.7.css" type="text/css" media="all" />
it-builder/news/news0003367/index.html	20	enc_q	      <link rel="stylesheet" href="/it-builder/wp-includes/css/classic-themes.min.css%3Fver=1.css" type="text/css" media="all" />
it-builder/news/news0003367/index.html	22	enc_q	      <link rel="stylesheet" id="slick_style-css" href="/it-builder/wp-content/plugins/lw-wae-contents-editor/aos/slick.css%3Fver=6.1.7.css" type="text/css" media="all" />
it-builder/news/news0003367/index.html	24	enc_q	      <link type="application/rsd+xml" title="RSD" href="/it-builder/xmlrpc.php%3Frsd" />
it-builder/news/news0003367/index.html	34	enc_q	      <link rel="stylesheet" href="/it-builder/wp-content/themes/itbuilder-theme/resource/css/common.css%3F=1.2.2.css" />
it-builder/news/news0003367/index.html	35	enc_q	      <link rel="stylesheet" media="print" href="/it-builder/wp-content/themes/itbuilder-theme/resource/css/print.css%3Fvar=0.1.css" />
it-builder/news/news0003367/index.html	116	enc_q	      <script type="text/javascript" src="/it-builder/wp-content/plugins/lw-wae-contents-editor/js/wae-section.js%3Fver=1.1" id="wae_front_script-js"></script>
it-builder/news/news0003367/index.html	117	enc_q	      <script type="text/javascript" src="/it-builder/wp-content/plugins/lw-wae-contents-editor/js/library.js%3Fver=1.1" id="wae_library_script-js"></script>
it-builder/news/news0003367/index-from-root-p3367.html	19	enc_q	      <link rel="stylesheet" href="/it-builder/wp-includes/css/dist/block-library/style.min.css%3Fver=6.1.7.css" type="text/css" media="all" />
it-builder/news/news0003367/index-from-root-p3367.html	20	enc_q	      <link rel="stylesheet" href="/it-builder/wp-includes/css/classic-themes.min.css%3Fver=1.css" type="text/css" media="all" />
it-builder/news/news0003367/index-from-root-p3367.html	22	enc_q	      <link rel="stylesheet" id="slick_style-css" href="/it-builder/wp-content/plugins/lw-wae-contents-editor/aos/slick.css%3Fver=6.1.7.css" type="text/css" media="all" />
it-builder/news/news0003367/index-from-root-p3367.html	24	enc_q	      <link type="application/rsd+xml" title="RSD" href="/it-builder/xmlrpc.php%3Frsd" />
it-builder/news/news0003367/index-from-root-p3367.html	34	enc_q	      <link rel="stylesheet" href="/it-builder/wp-content/themes/itbuilder-theme/resource/css/common.css%3F=1.2.2.css" />
it-builder/news/news0003367/index-from-root-p3367.html	35	enc_q	      <link rel="stylesheet" media="print" href="/it-builder/wp-content/themes/itbuilder-theme/resource/css/print.css%3Fvar=0.1.css" />
it-builder/news/news0003367/index-from-root-p3367.html	116	enc_q	      <script type="text/javascript" src="/it-builder/wp-content/plugins/lw-wae-contents-editor/js/wae-section.js%3Fver=1.1" id="wae_front_script-js"></script>
it-builder/news/news0003367/index-from-root-p3367.html	117	enc_q	      <script type="text/javascript" src="/it-builder/wp-content/plugins/lw-wae-contents-editor/js/library.js%3Fver=1.1" id="wae_library_script-js"></script>
it-builder/news/news0003138/index.html	19	enc_q	      <link rel="stylesheet" href="/it-builder/wp-includes/css/dist/block-library/style.min.css%3Fver=6.1.7.css" type="text/css" media="all" />
it-builder/news/news0003138/index.html	20	enc_q	      <link rel="stylesheet" href="/it-builder/wp-includes/css/classic-themes.min.css%3Fver=1.css" type="text/css" media="all" />
it-builder/news/news0003138/index.html	22	enc_q	      <link rel="stylesheet" id="slick_style-css" href="/it-builder/wp-content/plugins/lw-wae-contents-editor/aos/slick.css%3Fver=6.1.7.css" type="text/css" media="all" />
it-builder/news/news0003138/index.html	24	enc_q	      <link type="application/rsd+xml" title="RSD" href="/it-builder/xmlrpc.php%3Frsd" />
it-builder/news/news0003138/index.html	34	enc_q	      <link rel="stylesheet" href="/it-builder/wp-content/themes/itbuilder-theme/resource/css/common.css%3F=1.2.2.css" />
it-builder/news/news0003138/index.html	35	enc_q	      <link rel="stylesheet" media="print" href="/it-builder/wp-content/themes/itbuilder-theme/resource/css/print.css%3Fvar=0.1.css" />
it-builder/news/news0003138/index.html	116	enc_q	      <script type="text/javascript" src="/it-builder/wp-content/plugins/lw-wae-contents-editor/js/wae-section.js%3Fver=1.1" id="wae_front_script-js"></script>
it-builder/news/news0003138/index.html	117	enc_q	      <script type="text/javascript" src="/it-builder/wp-content/plugins/lw-wae-contents-editor/js/library.js%3Fver=1.1" id="wae_library_script-js"></script>
it-builder/news/news0003138/index-from-root-p3138.html	19	enc_q	      <link rel="stylesheet" href="/it-builder/wp-includes/css/dist/block-library/style.min.css%3Fver=6.1.7.css" type="text/css" media="all" />
it-builder/news/news0003138/index-from-root-p3138.html	20	enc_q	      <link rel="stylesheet" href="/it-builder/wp-includes/css/classic-themes.min.css%3Fver=1.css" type="text/css" media="all" />
it-builder/news/news0003138/index-from-root-p3138.html	22	enc_q	      <link rel="stylesheet" id="slick_style-css" href="/it-builder/wp-content/plugins/lw-wae-contents-editor/aos/slick.css%3Fver=6.1.7.css" type="text/css" media="all" />
it-builder/news/news0003138/index-from-root-p3138.html	24	enc_q	      <link type="application/rsd+xml" title="RSD" href="/it-builder/xmlrpc.php%3Frsd" />
it-builder/news/news0003138/index-from-root-p3138.html	34	enc_q	      <link rel="stylesheet" href="/it-builder/wp-content/themes/itbuilder-theme/resource/css/common.css%3F=1.2.2.css" />
it-builder/news/news0003138/index-from-root-p3138.html	35	enc_q	      <link rel="stylesheet" media="print" href="/it-builder/wp-content/themes/itbuilder-theme/resource/css/print.css%3Fvar=0.1.css" />
it-builder/news/news0003138/index-from-root-p3138.html	116	enc_q	      <script type="text/javascript" src="/it-builder/wp-content/plugins/lw-wae-contents-editor/js/wae-section.js%3Fver=1.1" id="wae_front_script-js"></script>
it-builder/news/news0003138/index-from-root-p3138.html	117	enc_q	      <script type="text/javascript" src="/it-builder/wp-content/plugins/lw-wae-contents-editor/js/library.js%3Fver=1.1" id="wae_library_script-js"></script>
it-builder/news/news0004203/index.html	19	enc_q	      <link rel="stylesheet" href="/it-builder/wp-includes/css/dist/block-library/style.min.css%3Fver=6.1.7.css" type="text/css" media="all" />
it-builder/news/news0004203/index.html	20	enc_q	      <link rel="stylesheet" href="/it-builder/wp-includes/css/classic-themes.min.css%3Fver=1.css" type="text/css" media="all" />
it-builder/news/news0004203/index.html	22	enc_q	      <link rel="stylesheet" id="slick_style-css" href="/it-builder/wp-content/plugins/lw-wae-contents-editor/aos/slick.css%3Fver=6.1.7.css" type="text/css" media="all" />
it-builder/news/news0004203/index.html	24	enc_q	      <link type="application/rsd+xml" title="RSD" href="/it-builder/xmlrpc.php%3Frsd" />
it-builder/news/news0004203/index.html	34	enc_q	      <link rel="stylesheet" href="/it-builder/wp-content/themes/itbuilder-theme/resource/css/common.css%3F=1.2.2.css" />
it-builder/news/news0004203/index.html	35	enc_q	      <link rel="stylesheet" media="print" href="/it-builder/wp-content/themes/itbuilder-theme/resource/css/print.css%3Fvar=0.1.css" />
it-builder/news/news0004203/index.html	114	enc_q	      <script type="text/javascript" src="/it-builder/wp-content/plugins/lw-wae-contents-editor/js/wae-section.js%3Fver=1.1" id="wae_front_script-js"></script>
it-builder/news/news0004203/index.html	115	enc_q	      <script type="text/javascript" src="/it-builder/wp-content/plugins/lw-wae-contents-editor/js/library.js%3Fver=1.1" id="wae_library_script-js"></script>
it-builder/news/news0004203/index-from-root-p4203.html	19	enc_q	      <link rel="stylesheet" href="/it-builder/wp-includes/css/dist/block-library/style.min.css%3Fver=6.1.7.css" type="text/css" media="all" />
it-builder/news/news0004203/index-from-root-p4203.html	20	enc_q	      <link rel="stylesheet" href="/it-builder/wp-includes/css/classic-themes.min.css%3Fver=1.css" type="text/css" media="all" />
it-builder/news/news0004203/index-from-root-p4203.html	22	enc_q	      <link rel="stylesheet" id="slick_style-css" href="/it-builder/wp-content/plugins/lw-wae-contents-editor/aos/slick.css%3Fver=6.1.7.css" type="text/css" media="all" />
it-builder/news/news0004203/index-from-root-p4203.html	24	enc_q	      <link type="application/rsd+xml" title="RSD" href="/it-builder/xmlrpc.php%3Frsd" />
it-builder/news/news0004203/index-from-root-p4203.html	34	enc_q	      <link rel="stylesheet" href="/it-builder/wp-content/themes/itbuilder-theme/resource/css/common.css%3F=1.2.2.css" />
it-builder/news/news0004203/index-from-root-p4203.html	35	enc_q	      <link rel="stylesheet" media="print" href="/it-builder/wp-content/themes/itbuilder-theme/resource/css/print.css%3Fvar=0.1.css" />
it-builder/news/news0004203/index-from-root-p4203.html	114	enc_q	      <script type="text/javascript" src="/it-builder/wp-content/plugins/lw-wae-contents-editor/js/wae-section.js%3Fver=1.1" id="wae_front_script-js"></script>
it-builder/news/news0004203/index-from-root-p4203.html	115	enc_q	      <script type="text/javascript" src="/it-builder/wp-content/plugins/lw-wae-contents-editor/js/library.js%3Fver=1.1" id="wae_library_script-js"></script>
it-builder/news/news0004266/index.html	19	enc_q	      <link rel="stylesheet" href="/it-builder/wp-includes/css/dist/block-library/style.min.css%3Fver=6.1.7.css" type="text/css" media="all" />
it-builder/news/news0004266/index.html	20	enc_q	      <link rel="stylesheet" href="/it-builder/wp-includes/css/classic-themes.min.css%3Fver=1.css" type="text/css" media="all" />
it-builder/news/news0004266/index.html	22	enc_q	      <link rel="stylesheet" id="slick_style-css" href="/it-builder/wp-content/plugins/lw-wae-contents-editor/aos/slick.css%3Fver=6.1.7.css" type="text/css" media="all" />
it-builder/news/news0004266/index.html	24	enc_q	      <link type="application/rsd+xml" title="RSD" href="/it-builder/xmlrpc.php%3Frsd" />
it-builder/news/news0004266/index.html	34	enc_q	      <link rel="stylesheet" href="/it-builder/wp-content/themes/itbuilder-theme/resource/css/common.css%3F=1.2.2.css" />
it-builder/news/news0004266/index.html	35	enc_q	      <link rel="stylesheet" media="print" href="/it-builder/wp-content/themes/itbuilder-theme/resource/css/print.css%3Fvar=0.1.css" />
it-builder/news/news0004266/index.html	133	enc_q	      <script type="text/javascript" src="/it-builder/wp-content/plugins/lw-wae-contents-editor/js/wae-section.js%3Fver=1.1" id="wae_front_script-js"></script>
it-builder/news/news0004266/index.html	134	enc_q	      <script type="text/javascript" src="/it-builder/wp-content/plugins/lw-wae-contents-editor/js/library.js%3Fver=1.1" id="wae_library_script-js"></script>
it-builder/news/news0004266/index-from-root-p4266.html	19	enc_q	      <link rel="stylesheet" href="/it-builder/wp-includes/css/dist/block-library/style.min.css%3Fver=6.1.7.css" type="text/css" media="all" />
it-builder/news/news0004266/index-from-root-p4266.html	20	enc_q	      <link rel="stylesheet" href="/it-builder/wp-includes/css/classic-themes.min.css%3Fver=1.css" type="text/css" media="all" />
it-builder/news/news0004266/index-from-root-p4266.html	22	enc_q	      <link rel="stylesheet" id="slick_style-css" href="/it-builder/wp-content/plugins/lw-wae-contents-editor/aos/slick.css%3Fver=6.1.7.css" type="text/css" media="all" />
it-builder/news/news0004266/index-from-root-p4266.html	24	enc_q	      <link type="application/rsd+xml" title="RSD" href="/it-builder/xmlrpc.php%3Frsd" />
it-builder/news/news0004266/index-from-root-p4266.html	34	enc_q	      <link rel="stylesheet" href="/it-builder/wp-content/themes/itbuilder-theme/resource/css/common.css%3F=1.2.2.css" />
it-builder/news/news0004266/index-from-root-p4266.html	35	enc_q	      <link rel="stylesheet" media="print" href="/it-builder/wp-content/themes/itbuilder-theme/resource/css/print.css%3Fvar=0.1.css" />
it-builder/news/news0004266/index-from-root-p4266.html	133	enc_q	      <script type="text/javascript" src="/it-builder/wp-content/plugins/lw-wae-contents-editor/js/wae-section.js%3Fver=1.1" id="wae_front_script-js"></script>
it-builder/news/news0004266/index-from-root-p4266.html	134	enc_q	      <script type="text/javascript" src="/it-builder/wp-content/plugins/lw-wae-contents-editor/js/library.js%3Fver=1.1" id="wae_library_script-js"></script>
it-builder/news/news0003625/index.html	19	enc_q	      <link rel="stylesheet" href="/it-builder/wp-includes/css/dist/block-library/style.min.css%3Fver=6.1.7.css" type="text/css" media="all" />
it-builder/news/news0003625/index.html	20	enc_q	      <link rel="stylesheet" href="/it-builder/wp-includes/css/classic-themes.min.css%3Fver=1.css" type="text/css" media="all" />
it-builder/news/news0003625/index.html	22	enc_q	      <link rel="stylesheet" id="slick_style-css" href="/it-builder/wp-content/plugins/lw-wae-contents-editor/aos/slick.css%3Fver=6.1.7.css" type="text/css" media="all" />
it-builder/news/news0003625/index.html	24	enc_q	      <link type="application/rsd+xml" title="RSD" href="/it-builder/xmlrpc.php%3Frsd" />
it-builder/news/news0003625/index.html	34	enc_q	      <link rel="stylesheet" href="/it-builder/wp-content/themes/itbuilder-theme/resource/css/common.css%3F=1.2.2.css" />
it-builder/news/news0003625/index.html	35	enc_q	      <link rel="stylesheet" media="print" href="/it-builder/wp-content/themes/itbuilder-theme/resource/css/print.css%3Fvar=0.1.css" />
it-builder/news/news0003625/index.html	134	enc_q	      <script type="text/javascript" src="/it-builder/wp-content/plugins/lw-wae-contents-editor/js/wae-section.js%3Fver=1.1" id="wae_front_script-js"></script>
it-builder/news/news0003625/index.html	135	enc_q	      <script type="text/javascript" src="/it-builder/wp-content/plugins/lw-wae-contents-editor/js/library.js%3Fver=1.1" id="wae_library_script-js"></script>
it-builder/news/news0003625/index-from-root-p3625.html	19	enc_q	      <link rel="stylesheet" href="/it-builder/wp-includes/css/dist/block-library/style.min.css%3Fver=6.1.7.css" type="text/css" media="all" />
it-builder/news/news0003625/index-from-root-p3625.html	20	enc_q	      <link rel="stylesheet" href="/it-builder/wp-includes/css/classic-themes.min.css%3Fver=1.css" type="text/css" media="all" />
it-builder/news/news0003625/index-from-root-p3625.html	22	enc_q	      <link rel="stylesheet" id="slick_style-css" href="/it-builder/wp-content/plugins/lw-wae-contents-editor/aos/slick.css%3Fver=6.1.7.css" type="text/css" media="all" />
it-builder/news/news0003625/index-from-root-p3625.html	24	enc_q	      <link type="application/rsd+xml" title="RSD" href="/it-builder/xmlrpc.php%3Frsd" />
it-builder/news/news0003625/index-from-root-p3625.html	34	enc_q	      <link rel="stylesheet" href="/it-builder/wp-content/themes/itbuilder-theme/resource/css/common.css%3F=1.2.2.css" />
it-builder/news/news0003625/index-from-root-p3625.html	35	enc_q	      <link rel="stylesheet" media="print" href="/it-builder/wp-content/themes/itbuilder-theme/resource/css/print.css%3Fvar=0.1.css" />
it-builder/news/news0003625/index-from-root-p3625.html	134	enc_q	      <script type="text/javascript" src="/it-builder/wp-content/plugins/lw-wae-contents-editor/js/wae-section.js%3Fver=1.1" id="wae_front_script-js"></script>
it-builder/news/news0003625/index-from-root-p3625.html	135	enc_q	      <script type="text/javascript" src="/it-builder/wp-content/plugins/lw-wae-contents-editor/js/library.js%3Fver=1.1" id="wae_library_script-js"></script>
it-builder/news/news0003417/index.html	19	enc_q	      <link rel="stylesheet" href="/it-builder/wp-includes/css/dist/block-library/style.min.css%3Fver=6.1.7.css" type="text/css" media="all" />
it-builder/news/news0003417/index.html	20	enc_q	      <link rel="stylesheet" href="/it-builder/wp-includes/css/classic-themes.min.css%3Fver=1.css" type="text/css" media="all" />
it-builder/news/news0003417/index.html	22	enc_q	      <link rel="stylesheet" id="slick_style-css" href="/it-builder/wp-content/plugins/lw-wae-contents-editor/aos/slick.css%3Fver=6.1.7.css" type="text/css" media="all" />
it-builder/news/news0003417/index.html	24	enc_q	      <link type="application/rsd+xml" title="RSD" href="/it-builder/xmlrpc.php%3Frsd" />
it-builder/news/news0003417/index.html	34	enc_q	      <link rel="stylesheet" href="/it-builder/wp-content/themes/itbuilder-theme/resource/css/common.css%3F=1.2.2.css" />
it-builder/news/news0003417/index.html	35	enc_q	      <link rel="stylesheet" media="print" href="/it-builder/wp-content/themes/itbuilder-theme/resource/css/print.css%3Fvar=0.1.css" />
it-builder/news/news0003417/index.html	137	enc_q	      <script type="text/javascript" src="/it-builder/wp-content/plugins/lw-wae-contents-editor/js/wae-section.js%3Fver=1.1" id="wae_front_script-js"></script>
it-builder/news/news0003417/index.html	138	enc_q	      <script type="text/javascript" src="/it-builder/wp-content/plugins/lw-wae-contents-editor/js/library.js%3Fver=1.1" id="wae_library_script-js"></script>
it-builder/news/news0003417/index-from-root-p3417.html	19	enc_q	      <link rel="stylesheet" href="/it-builder/wp-includes/css/dist/block-library/style.min.css%3Fver=6.1.7.css" type="text/css" media="all" />
it-builder/news/news0003417/index-from-root-p3417.html	20	enc_q	      <link rel="stylesheet" href="/it-builder/wp-includes/css/classic-themes.min.css%3Fver=1.css" type="text/css" media="all" />
it-builder/news/news0003417/index-from-root-p3417.html	22	enc_q	      <link rel="stylesheet" id="slick_style-css" href="/it-builder/wp-content/plugins/lw-wae-contents-editor/aos/slick.css%3Fver=6.1.7.css" type="text/css" media="all" />
it-builder/news/news0003417/index-from-root-p3417.html	24	enc_q	      <link type="application/rsd+xml" title="RSD" href="/it-builder/xmlrpc.php%3Frsd" />
it-builder/news/news0003417/index-from-root-p3417.html	34	enc_q	      <link rel="stylesheet" href="/it-builder/wp-content/themes/itbuilder-theme/resource/css/common.css%3F=1.2.2.css" />
it-builder/news/news0003417/index-from-root-p3417.html	35	enc_q	      <link rel="stylesheet" media="print" href="/it-builder/wp-content/themes/itbuilder-theme/resource/css/print.css%3Fvar=0.1.css" />
it-builder/news/news0003417/index-from-root-p3417.html	137	enc_q	      <script type="text/javascript" src="/it-builder/wp-content/plugins/lw-wae-contents-editor/js/wae-section.js%3Fver=1.1" id="wae_front_script-js"></script>
it-builder/news/news0003417/index-from-root-p3417.html	138	enc_q	      <script type="text/javascript" src="/it-builder/wp-content/plugins/lw-wae-contents-editor/js/library.js%3Fver=1.1" id="wae_library_script-js"></script>
it-builder/case/case0001247/index-from-root-p1247.html	19	enc_q	      <link rel="stylesheet" href="/it-builder/wp-includes/css/dist/block-library/style.min.css%3Fver=6.1.7.css" type="text/css" media="all" />
it-builder/case/case0001247/index-from-root-p1247.html	20	enc_q	      <link rel="stylesheet" href="/it-builder/wp-includes/css/classic-themes.min.css%3Fver=1.css" type="text/css" media="all" />
it-builder/case/case0001247/index-from-root-p1247.html	22	enc_q	      <link rel="stylesheet" id="slick_style-css" href="/it-builder/wp-content/plugins/lw-wae-contents-editor/aos/slick.css%3Fver=6.1.7.css" type="text/css" media="all" />
it-builder/case/case0001247/index-from-root-p1247.html	24	enc_q	      <link type="application/rsd+xml" title="RSD" href="/it-builder/xmlrpc.php%3Frsd" />
it-builder/case/case0001247/index-from-root-p1247.html	34	enc_q	      <link rel="stylesheet" href="/it-builder/wp-content/themes/itbuilder-theme/resource/css/common.css%3F=1.2.2.css" />
it-builder/case/case0001247/index-from-root-p1247.html	35	enc_q	      <link rel="stylesheet" media="print" href="/it-builder/wp-content/themes/itbuilder-theme/resource/css/print.css%3Fvar=0.1.css" />
it-builder/case/case0001247/index-from-root-p1247.html	145	enc_q	      <script type="text/javascript" src="/it-builder/wp-content/plugins/lw-wae-contents-editor/js/wae-section.js%3Fver=1.1" id="wae_front_script-js"></script>
it-builder/case/case0001247/index-from-root-p1247.html	146	enc_q	      <script type="text/javascript" src="/it-builder/wp-content/plugins/lw-wae-contents-editor/js/library.js%3Fver=1.1" id="wae_library_script-js"></script>
it-builder/case/case0001247/index.html	19	enc_q	      <link rel="stylesheet" href="/it-builder/wp-includes/css/dist/block-library/style.min.css%3Fver=6.1.7.css" type="text/css" media="all" />
it-builder/case/case0001247/index.html	20	enc_q	      <link rel="stylesheet" href="/it-builder/wp-includes/css/classic-themes.min.css%3Fver=1.css" type="text/css" media="all" />
it-builder/case/case0001247/index.html	22	enc_q	      <link rel="stylesheet" id="slick_style-css" href="/it-builder/wp-content/plugins/lw-wae-contents-editor/aos/slick.css%3Fver=6.1.7.css" type="text/css" media="all" />
it-builder/case/case0001247/index.html	24	enc_q	      <link type="application/rsd+xml" title="RSD" href="/it-builder/xmlrpc.php%3Frsd" />
it-builder/case/case0001247/index.html	34	enc_q	      <link rel="stylesheet" href="/it-builder/wp-content/themes/itbuilder-theme/resource/css/common.css%3F=1.2.2.css" />
it-builder/case/case0001247/index.html	35	enc_q	      <link rel="stylesheet" media="print" href="/it-builder/wp-content/themes/itbuilder-theme/resource/css/print.css%3Fvar=0.1.css" />
it-builder/case/case0001247/index.html	145	enc_q	      <script type="text/javascript" src="/it-builder/wp-content/plugins/lw-wae-contents-editor/js/wae-section.js%3Fver=1.1" id="wae_front_script-js"></script>
it-builder/case/case0001247/index.html	146	enc_q	      <script type="text/javascript" src="/it-builder/wp-content/plugins/lw-wae-contents-editor/js/library.js%3Fver=1.1" id="wae_library_script-js"></script>
it-builder/case/case0001223/index.html	19	enc_q	      <link rel="stylesheet" href="/it-builder/wp-includes/css/dist/block-library/style.min.css%3Fver=6.1.7.css" type="text/css" media="all" />
it-builder/case/case0001223/index.html	20	enc_q	      <link rel="stylesheet" href="/it-builder/wp-includes/css/classic-themes.min.css%3Fver=1.css" type="text/css" media="all" />
it-builder/case/case0001223/index.html	22	enc_q	      <link rel="stylesheet" id="slick_style-css" href="/it-builder/wp-content/plugins/lw-wae-contents-editor/aos/slick.css%3Fver=6.1.7.css" type="text/css" media="all" />
it-builder/case/case0001223/index.html	24	enc_q	      <link type="application/rsd+xml" title="RSD" href="/it-builder/xmlrpc.php%3Frsd" />
it-builder/case/case0001223/index.html	34	enc_q	      <link rel="stylesheet" href="/it-builder/wp-content/themes/itbuilder-theme/resource/css/common.css%3F=1.2.2.css" />
it-builder/case/case0001223/index.html	35	enc_q	      <link rel="stylesheet" media="print" href="/it-builder/wp-content/themes/itbuilder-theme/resource/css/print.css%3Fvar=0.1.css" />
it-builder/case/case0001223/index.html	173	enc_q	      <script type="text/javascript" src="/it-builder/wp-content/plugins/lw-wae-contents-editor/js/wae-section.js%3Fver=1.1" id="wae_front_script-js"></script>
it-builder/case/case0001223/index.html	174	enc_q	      <script type="text/javascript" src="/it-builder/wp-content/plugins/lw-wae-contents-editor/js/library.js%3Fver=1.1" id="wae_library_script-js"></script>
it-builder/case/case0001223/index-from-root-p1223.html	19	enc_q	      <link rel="stylesheet" href="/it-builder/wp-includes/css/dist/block-library/style.min.css%3Fver=6.1.7.css" type="text/css" media="all" />
it-builder/case/case0001223/index-from-root-p1223.html	20	enc_q	      <link rel="stylesheet" href="/it-builder/wp-includes/css/classic-themes.min.css%3Fver=1.css" type="text/css" media="all" />
it-builder/case/case0001223/index-from-root-p1223.html	22	enc_q	      <link rel="stylesheet" id="slick_style-css" href="/it-builder/wp-content/plugins/lw-wae-contents-editor/aos/slick.css%3Fver=6.1.7.css" type="text/css" media="all" />
it-builder/case/case0001223/index-from-root-p1223.html	24	enc_q	      <link type="application/rsd+xml" title="RSD" href="/it-builder/xmlrpc.php%3Frsd" />
it-builder/case/case0001223/index-from-root-p1223.html	34	enc_q	      <link rel="stylesheet" href="/it-builder/wp-content/themes/itbuilder-theme/resource/css/common.css%3F=1.2.2.css" />
it-builder/case/case0001223/index-from-root-p1223.html	35	enc_q	      <link rel="stylesheet" media="print" href="/it-builder/wp-content/themes/itbuilder-theme/resource/css/print.css%3Fvar=0.1.css" />
it-builder/case/case0001223/index-from-root-p1223.html	173	enc_q	      <script type="text/javascript" src="/it-builder/wp-content/plugins/lw-wae-contents-editor/js/wae-section.js%3Fver=1.1" id="wae_front_script-js"></script>
it-builder/case/case0001223/index-from-root-p1223.html	174	enc_q	      <script type="text/javascript" src="/it-builder/wp-content/plugins/lw-wae-contents-editor/js/library.js%3Fver=1.1" id="wae_library_script-js"></script>
it-builder/case/index.html	19	enc_q	      <link rel="stylesheet" href="/it-builder/wp-includes/css/dist/block-library/style.min.css%3Fver=6.1.7.css" type="text/css" media="all" />
it-builder/case/index.html	20	enc_q	      <link rel="stylesheet" href="/it-builder/wp-includes/css/classic-themes.min.css%3Fver=1.css" type="text/css" media="all" />
it-builder/case/index.html	22	enc_q	      <link rel="stylesheet" id="slick_style-css" href="/it-builder/wp-content/plugins/lw-wae-contents-editor/aos/slick.css%3Fver=6.1.7.css" type="text/css" media="all" />
it-builder/case/index.html	25	enc_q	      <link type="application/rsd+xml" title="RSD" href="/it-builder/xmlrpc.php%3Frsd" />
it-builder/case/index.html	35	enc_q	      <link rel="stylesheet" href="/it-builder/wp-content/themes/itbuilder-theme/resource/css/common.css%3F=1.2.2.css" />
it-builder/case/index.html	36	enc_q	      <link rel="stylesheet" media="print" href="/it-builder/wp-content/themes/itbuilder-theme/resource/css/print.css%3Fvar=0.1.css" />
it-builder/case/index.html	410	enc_q	      <script type="text/javascript" src="/it-builder/wp-content/plugins/lw-wae-contents-editor/js/wae-section.js%3Fver=1.1" id="wae_front_script-js"></script>
it-builder/case/index.html	411	enc_q	      <script type="text/javascript" src="/it-builder/wp-content/plugins/lw-wae-contents-editor/js/library.js%3Fver=1.1" id="wae_library_script-js"></script>
it-builder/case/case0001164/index.html	19	enc_q	      <link rel="stylesheet" href="/it-builder/wp-includes/css/dist/block-library/style.min.css%3Fver=6.1.7.css" type="text/css" media="all" />
it-builder/case/case0001164/index.html	20	enc_q	      <link rel="stylesheet" href="/it-builder/wp-includes/css/classic-themes.min.css%3Fver=1.css" type="text/css" media="all" />
it-builder/case/case0001164/index.html	22	enc_q	      <link rel="stylesheet" id="slick_style-css" href="/it-builder/wp-content/plugins/lw-wae-contents-editor/aos/slick.css%3Fver=6.1.7.css" type="text/css" media="all" />
it-builder/case/case0001164/index.html	24	enc_q	      <link type="application/rsd+xml" title="RSD" href="/it-builder/xmlrpc.php%3Frsd" />
it-builder/case/case0001164/index.html	34	enc_q	      <link rel="stylesheet" href="/it-builder/wp-content/themes/itbuilder-theme/resource/css/common.css%3F=1.2.2.css" />
it-builder/case/case0001164/index.html	35	enc_q	      <link rel="stylesheet" media="print" href="/it-builder/wp-content/themes/itbuilder-theme/resource/css/print.css%3Fvar=0.1.css" />
it-builder/case/case0001164/index.html	111	enc_q	      <script type="text/javascript" src="/it-builder/wp-content/plugins/lw-wae-contents-editor/js/wae-section.js%3Fver=1.1" id="wae_front_script-js"></script>
it-builder/case/case0001164/index.html	112	enc_q	      <script type="text/javascript" src="/it-builder/wp-content/plugins/lw-wae-contents-editor/js/library.js%3Fver=1.1" id="wae_library_script-js"></script>
it-builder/case/case0001164/index-from-root-p1164.html	19	enc_q	      <link rel="stylesheet" href="/it-builder/wp-includes/css/dist/block-library/style.min.css%3Fver=6.1.7.css" type="text/css" media="all" />
it-builder/case/case0001164/index-from-root-p1164.html	20	enc_q	      <link rel="stylesheet" href="/it-builder/wp-includes/css/classic-themes.min.css%3Fver=1.css" type="text/css" media="all" />
it-builder/case/case0001164/index-from-root-p1164.html	22	enc_q	      <link rel="stylesheet" id="slick_style-css" href="/it-builder/wp-content/plugins/lw-wae-contents-editor/aos/slick.css%3Fver=6.1.7.css" type="text/css" media="all" />
it-builder/case/case0001164/index-from-root-p1164.html	24	enc_q	      <link type="application/rsd+xml" title="RSD" href="/it-builder/xmlrpc.php%3Frsd" />
it-builder/case/case0001164/index-from-root-p1164.html	34	enc_q	      <link rel="stylesheet" href="/it-builder/wp-content/themes/itbuilder-theme/resource/css/common.css%3F=1.2.2.css" />
it-builder/case/case0001164/index-from-root-p1164.html	35	enc_q	      <link rel="stylesheet" media="print" href="/it-builder/wp-content/themes/itbuilder-theme/resource/css/print.css%3Fvar=0.1.css" />
it-builder/case/case0001164/index-from-root-p1164.html	111	enc_q	      <script type="text/javascript" src="/it-builder/wp-content/plugins/lw-wae-contents-editor/js/wae-section.js%3Fver=1.1" id="wae_front_script-js"></script>
it-builder/case/case0001164/index-from-root-p1164.html	112	enc_q	      <script type="text/javascript" src="/it-builder/wp-content/plugins/lw-wae-contents-editor/js/library.js%3Fver=1.1" id="wae_library_script-js"></script>
it-builder/case/case0001190/index.html	19	enc_q	      <link rel="stylesheet" href="/it-builder/wp-includes/css/dist/block-library/style.min.css%3Fver=6.1.7.css" type="text/css" media="all" />
it-builder/case/case0001190/index.html	20	enc_q	      <link rel="stylesheet" href="/it-builder/wp-includes/css/classic-themes.min.css%3Fver=1.css" type="text/css" media="all" />
it-builder/case/case0001190/index.html	22	enc_q	      <link rel="stylesheet" id="slick_style-css" href="/it-builder/wp-content/plugins/lw-wae-contents-editor/aos/slick.css%3Fver=6.1.7.css" type="text/css" media="all" />
it-builder/case/case0001190/index.html	24	enc_q	      <link type="application/rsd+xml" title="RSD" href="/it-builder/xmlrpc.php%3Frsd" />
it-builder/case/case0001190/index.html	34	enc_q	      <link rel="stylesheet" href="/it-builder/wp-content/themes/itbuilder-theme/resource/css/common.css%3F=1.2.2.css" />
it-builder/case/case0001190/index.html	35	enc_q	      <link rel="stylesheet" media="print" href="/it-builder/wp-content/themes/itbuilder-theme/resource/css/print.css%3Fvar=0.1.css" />
it-builder/case/case0001190/index.html	153	enc_q	      <script type="text/javascript" src="/it-builder/wp-content/plugins/lw-wae-contents-editor/js/wae-section.js%3Fver=1.1" id="wae_front_script-js"></script>
it-builder/case/case0001190/index.html	154	enc_q	      <script type="text/javascript" src="/it-builder/wp-content/plugins/lw-wae-contents-editor/js/library.js%3Fver=1.1" id="wae_library_script-js"></script>
it-builder/case/case0001190/index-from-root-p1190.html	19	enc_q	      <link rel="stylesheet" href="/it-builder/wp-includes/css/dist/block-library/style.min.css%3Fver=6.1.7.css" type="text/css" media="all" />
it-builder/case/case0001190/index-from-root-p1190.html	20	enc_q	      <link rel="stylesheet" href="/it-builder/wp-includes/css/classic-themes.min.css%3Fver=1.css" type="text/css" media="all" />
it-builder/case/case0001190/index-from-root-p1190.html	22	enc_q	      <link rel="stylesheet" id="slick_style-css" href="/it-builder/wp-content/plugins/lw-wae-contents-editor/aos/slick.css%3Fver=6.1.7.css" type="text/css" media="all" />
it-builder/case/case0001190/index-from-root-p1190.html	24	enc_q	      <link type="application/rsd+xml" title="RSD" href="/it-builder/xmlrpc.php%3Frsd" />
it-builder/case/case0001190/index-from-root-p1190.html	34	enc_q	      <link rel="stylesheet" href="/it-builder/wp-content/themes/itbuilder-theme/resource/css/common.css%3F=1.2.2.css" />
it-builder/case/case0001190/index-from-root-p1190.html	35	enc_q	      <link rel="stylesheet" media="print" href="/it-builder/wp-content/themes/itbuilder-theme/resource/css/print.css%3Fvar=0.1.css" />
it-builder/case/case0001190/index-from-root-p1190.html	153	enc_q	      <script type="text/javascript" src="/it-builder/wp-content/plugins/lw-wae-contents-editor/js/wae-section.js%3Fver=1.1" id="wae_front_script-js"></script>
it-builder/case/case0001190/index-from-root-p1190.html	154	enc_q	      <script type="text/javascript" src="/it-builder/wp-content/plugins/lw-wae-contents-editor/js/library.js%3Fver=1.1" id="wae_library_script-js"></script>
it-builder/case/case0001196/index-from-root-p1196.html	19	enc_q	      <link rel="stylesheet" href="/it-builder/wp-includes/css/dist/block-library/style.min.css%3Fver=6.1.7.css" type="text/css" media="all" />
it-builder/case/case0001196/index-from-root-p1196.html	20	enc_q	      <link rel="stylesheet" href="/it-builder/wp-includes/css/classic-themes.min.css%3Fver=1.css" type="text/css" media="all" />
it-builder/case/case0001196/index-from-root-p1196.html	22	enc_q	      <link rel="stylesheet" id="slick_style-css" href="/it-builder/wp-content/plugins/lw-wae-contents-editor/aos/slick.css%3Fver=6.1.7.css" type="text/css" media="all" />
it-builder/case/case0001196/index-from-root-p1196.html	24	enc_q	      <link type="application/rsd+xml" title="RSD" href="/it-builder/xmlrpc.php%3Frsd" />
it-builder/case/case0001196/index-from-root-p1196.html	34	enc_q	      <link rel="stylesheet" href="/it-builder/wp-content/themes/itbuilder-theme/resource/css/common.css%3F=1.2.2.css" />
it-builder/case/case0001196/index-from-root-p1196.html	35	enc_q	      <link rel="stylesheet" media="print" href="/it-builder/wp-content/themes/itbuilder-theme/resource/css/print.css%3Fvar=0.1.css" />
it-builder/case/case0001196/index-from-root-p1196.html	139	enc_q	      <script type="text/javascript" src="/it-builder/wp-content/plugins/lw-wae-contents-editor/js/wae-section.js%3Fver=1.1" id="wae_front_script-js"></script>
it-builder/case/case0001196/index-from-root-p1196.html	140	enc_q	      <script type="text/javascript" src="/it-builder/wp-content/plugins/lw-wae-contents-editor/js/library.js%3Fver=1.1" id="wae_library_script-js"></script>
it-builder/case/case0001196/index.html	19	enc_q	      <link rel="stylesheet" href="/it-builder/wp-includes/css/dist/block-library/style.min.css%3Fver=6.1.7.css" type="text/css" media="all" />
it-builder/case/case0001196/index.html	20	enc_q	      <link rel="stylesheet" href="/it-builder/wp-includes/css/classic-themes.min.css%3Fver=1.css" type="text/css" media="all" />
it-builder/case/case0001196/index.html	22	enc_q	      <link rel="stylesheet" id="slick_style-css" href="/it-builder/wp-content/plugins/lw-wae-contents-editor/aos/slick.css%3Fver=6.1.7.css" type="text/css" media="all" />
it-builder/case/case0001196/index.html	24	enc_q	      <link type="application/rsd+xml" title="RSD" href="/it-builder/xmlrpc.php%3Frsd" />
it-builder/case/case0001196/index.html	34	enc_q	      <link rel="stylesheet" href="/it-builder/wp-content/themes/itbuilder-theme/resource/css/common.css%3F=1.2.2.css" />
it-builder/case/case0001196/index.html	35	enc_q	      <link rel="stylesheet" media="print" href="/it-builder/wp-content/themes/itbuilder-theme/resource/css/print.css%3Fvar=0.1.css" />
it-builder/case/case0001196/index.html	139	enc_q	      <script type="text/javascript" src="/it-builder/wp-content/plugins/lw-wae-contents-editor/js/wae-section.js%3Fver=1.1" id="wae_front_script-js"></script>
it-builder/case/case0001196/index.html	140	enc_q	      <script type="text/javascript" src="/it-builder/wp-content/plugins/lw-wae-contents-editor/js/library.js%3Fver=1.1" id="wae_library_script-js"></script>
it-builder/case/case0001171/index.html	19	enc_q	      <link rel="stylesheet" href="/it-builder/wp-includes/css/dist/block-library/style.min.css%3Fver=6.1.7.css" type="text/css" media="all" />
it-builder/case/case0001171/index.html	20	enc_q	      <link rel="stylesheet" href="/it-builder/wp-includes/css/classic-themes.min.css%3Fver=1.css" type="text/css" media="all" />
it-builder/case/case0001171/index.html	22	enc_q	      <link rel="stylesheet" id="slick_style-css" href="/it-builder/wp-content/plugins/lw-wae-contents-editor/aos/slick.css%3Fver=6.1.7.css" type="text/css" media="all" />
it-builder/case/case0001171/index.html	24	enc_q	      <link type="application/rsd+xml" title="RSD" href="/it-builder/xmlrpc.php%3Frsd" />
it-builder/case/case0001171/index.html	34	enc_q	      <link rel="stylesheet" href="/it-builder/wp-content/themes/itbuilder-theme/resource/css/common.css%3F=1.2.2.css" />
it-builder/case/case0001171/index.html	35	enc_q	      <link rel="stylesheet" media="print" href="/it-builder/wp-content/themes/itbuilder-theme/resource/css/print.css%3Fvar=0.1.css" />
it-builder/case/case0001171/index.html	141	enc_q	      <script type="text/javascript" src="/it-builder/wp-content/plugins/lw-wae-contents-editor/js/wae-section.js%3Fver=1.1" id="wae_front_script-js"></script>
it-builder/case/case0001171/index.html	142	enc_q	      <script type="text/javascript" src="/it-builder/wp-content/plugins/lw-wae-contents-editor/js/library.js%3Fver=1.1" id="wae_library_script-js"></script>
it-builder/case/case0001171/index-from-root-p1171.html	19	enc_q	      <link rel="stylesheet" href="/it-builder/wp-includes/css/dist/block-library/style.min.css%3Fver=6.1.7.css" type="text/css" media="all" />
it-builder/case/case0001171/index-from-root-p1171.html	20	enc_q	      <link rel="stylesheet" href="/it-builder/wp-includes/css/classic-themes.min.css%3Fver=1.css" type="text/css" media="all" />
it-builder/case/case0001171/index-from-root-p1171.html	22	enc_q	      <link rel="stylesheet" id="slick_style-css" href="/it-builder/wp-content/plugins/lw-wae-contents-editor/aos/slick.css%3Fver=6.1.7.css" type="text/css" media="all" />
it-builder/case/case0001171/index-from-root-p1171.html	24	enc_q	      <link type="application/rsd+xml" title="RSD" href="/it-builder/xmlrpc.php%3Frsd" />
it-builder/case/case0001171/index-from-root-p1171.html	34	enc_q	      <link rel="stylesheet" href="/it-builder/wp-content/themes/itbuilder-theme/resource/css/common.css%3F=1.2.2.css" />
it-builder/case/case0001171/index-from-root-p1171.html	35	enc_q	      <link rel="stylesheet" media="print" href="/it-builder/wp-content/themes/itbuilder-theme/resource/css/print.css%3Fvar=0.1.css" />
it-builder/case/case0001171/index-from-root-p1171.html	141	enc_q	      <script type="text/javascript" src="/it-builder/wp-content/plugins/lw-wae-contents-editor/js/wae-section.js%3Fver=1.1" id="wae_front_script-js"></script>
it-builder/case/case0001171/index-from-root-p1171.html	142	enc_q	      <script type="text/javascript" src="/it-builder/wp-content/plugins/lw-wae-contents-editor/js/library.js%3Fver=1.1" id="wae_library_script-js"></script>
it-builder/case/case0001178/index.html	19	enc_q	      <link rel="stylesheet" href="/it-builder/wp-includes/css/dist/block-library/style.min.css%3Fver=6.1.7.css" type="text/css" media="all" />
it-builder/case/case0001178/index.html	20	enc_q	      <link rel="stylesheet" href="/it-builder/wp-includes/css/classic-themes.min.css%3Fver=1.css" type="text/css" media="all" />
it-builder/case/case0001178/index.html	22	enc_q	      <link rel="stylesheet" id="slick_style-css" href="/it-builder/wp-content/plugins/lw-wae-contents-editor/aos/slick.css%3Fver=6.1.7.css" type="text/css" media="all" />
it-builder/case/case0001178/index.html	24	enc_q	      <link type="application/rsd+xml" title="RSD" href="/it-builder/xmlrpc.php%3Frsd" />
it-builder/case/case0001178/index.html	34	enc_q	      <link rel="stylesheet" href="/it-builder/wp-content/themes/itbuilder-theme/resource/css/common.css%3F=1.2.2.css" />
it-builder/case/case0001178/index.html	35	enc_q	      <link rel="stylesheet" media="print" href="/it-builder/wp-content/themes/itbuilder-theme/resource/css/print.css%3Fvar=0.1.css" />
it-builder/case/case0001178/index.html	153	enc_q	      <script type="text/javascript" src="/it-builder/wp-content/plugins/lw-wae-contents-editor/js/wae-section.js%3Fver=1.1" id="wae_front_script-js"></script>
it-builder/case/case0001178/index.html	154	enc_q	      <script type="text/javascript" src="/it-builder/wp-content/plugins/lw-wae-contents-editor/js/library.js%3Fver=1.1" id="wae_library_script-js"></script>
it-builder/case/case0001178/index-from-root-p1178.html	19	enc_q	      <link rel="stylesheet" href="/it-builder/wp-includes/css/dist/block-library/style.min.css%3Fver=6.1.7.css" type="text/css" media="all" />
it-builder/case/case0001178/index-from-root-p1178.html	20	enc_q	      <link rel="stylesheet" href="/it-builder/wp-includes/css/classic-themes.min.css%3Fver=1.css" type="text/css" media="all" />
it-builder/case/case0001178/index-from-root-p1178.html	22	enc_q	      <link rel="stylesheet" id="slick_style-css" href="/it-builder/wp-content/plugins/lw-wae-contents-editor/aos/slick.css%3Fver=6.1.7.css" type="text/css" media="all" />
it-builder/case/case0001178/index-from-root-p1178.html	24	enc_q	      <link type="application/rsd+xml" title="RSD" href="/it-builder/xmlrpc.php%3Frsd" />
it-builder/case/case0001178/index-from-root-p1178.html	34	enc_q	      <link rel="stylesheet" href="/it-builder/wp-content/themes/itbuilder-theme/resource/css/common.css%3F=1.2.2.css" />
it-builder/case/case0001178/index-from-root-p1178.html	35	enc_q	      <link rel="stylesheet" media="print" href="/it-builder/wp-content/themes/itbuilder-theme/resource/css/print.css%3Fvar=0.1.css" />
it-builder/case/case0001178/index-from-root-p1178.html	153	enc_q	      <script type="text/javascript" src="/it-builder/wp-content/plugins/lw-wae-contents-editor/js/wae-section.js%3Fver=1.1" id="wae_front_script-js"></script>
it-builder/case/case0001178/index-from-root-p1178.html	154	enc_q	      <script type="text/javascript" src="/it-builder/wp-content/plugins/lw-wae-contents-editor/js/library.js%3Fver=1.1" id="wae_library_script-js"></script>
it-builder/case/case0001208/index.html	19	enc_q	      <link rel="stylesheet" href="/it-builder/wp-includes/css/dist/block-library/style.min.css%3Fver=6.1.7.css" type="text/css" media="all" />
it-builder/case/case0001208/index.html	20	enc_q	      <link rel="stylesheet" href="/it-builder/wp-includes/css/classic-themes.min.css%3Fver=1.css" type="text/css" media="all" />
it-builder/case/case0001208/index.html	22	enc_q	      <link rel="stylesheet" id="slick_style-css" href="/it-builder/wp-content/plugins/lw-wae-contents-editor/aos/slick.css%3Fver=6.1.7.css" type="text/css" media="all" />
it-builder/case/case0001208/index.html	24	enc_q	      <link type="application/rsd+xml" title="RSD" href="/it-builder/xmlrpc.php%3Frsd" />
it-builder/case/case0001208/index.html	34	enc_q	      <link rel="stylesheet" href="/it-builder/wp-content/themes/itbuilder-theme/resource/css/common.css%3F=1.2.2.css" />
it-builder/case/case0001208/index.html	35	enc_q	      <link rel="stylesheet" media="print" href="/it-builder/wp-content/themes/itbuilder-theme/resource/css/print.css%3Fvar=0.1.css" />
it-builder/case/case0001208/index.html	151	enc_q	      <script type="text/javascript" src="/it-builder/wp-content/plugins/lw-wae-contents-editor/js/wae-section.js%3Fver=1.1" id="wae_front_script-js"></script>
it-builder/case/case0001208/index.html	152	enc_q	      <script type="text/javascript" src="/it-builder/wp-content/plugins/lw-wae-contents-editor/js/library.js%3Fver=1.1" id="wae_library_script-js"></script>
it-builder/case/case0001208/index-from-root-p1208.html	19	enc_q	      <link rel="stylesheet" href="/it-builder/wp-includes/css/dist/block-library/style.min.css%3Fver=6.1.7.css" type="text/css" media="all" />
it-builder/case/case0001208/index-from-root-p1208.html	20	enc_q	      <link rel="stylesheet" href="/it-builder/wp-includes/css/classic-themes.min.css%3Fver=1.css" type="text/css" media="all" />
it-builder/case/case0001208/index-from-root-p1208.html	22	enc_q	      <link rel="stylesheet" id="slick_style-css" href="/it-builder/wp-content/plugins/lw-wae-contents-editor/aos/slick.css%3Fver=6.1.7.css" type="text/css" media="all" />
it-builder/case/case0001208/index-from-root-p1208.html	24	enc_q	      <link type="application/rsd+xml" title="RSD" href="/it-builder/xmlrpc.php%3Frsd" />
it-builder/case/case0001208/index-from-root-p1208.html	34	enc_q	      <link rel="stylesheet" href="/it-builder/wp-content/themes/itbuilder-theme/resource/css/common.css%3F=1.2.2.css" />
it-builder/case/case0001208/index-from-root-p1208.html	35	enc_q	      <link rel="stylesheet" media="print" href="/it-builder/wp-content/themes/itbuilder-theme/resource/css/print.css%3Fvar=0.1.css" />
it-builder/case/case0001208/index-from-root-p1208.html	151	enc_q	      <script type="text/javascript" src="/it-builder/wp-content/plugins/lw-wae-contents-editor/js/wae-section.js%3Fver=1.1" id="wae_front_script-js"></script>
it-builder/case/case0001208/index-from-root-p1208.html	152	enc_q	      <script type="text/javascript" src="/it-builder/wp-content/plugins/lw-wae-contents-editor/js/library.js%3Fver=1.1" id="wae_library_script-js"></script>
it-builder/case/case0001253/index.html	19	enc_q	      <link rel="stylesheet" href="/it-builder/wp-includes/css/dist/block-library/style.min.css%3Fver=6.1.7.css" type="text/css" media="all" />
it-builder/case/case0001253/index.html	20	enc_q	      <link rel="stylesheet" href="/it-builder/wp-includes/css/classic-themes.min.css%3Fver=1.css" type="text/css" media="all" />
it-builder/case/case0001253/index.html	22	enc_q	      <link rel="stylesheet" id="slick_style-css" href="/it-builder/wp-content/plugins/lw-wae-contents-editor/aos/slick.css%3Fver=6.1.7.css" type="text/css" media="all" />
it-builder/case/case0001253/index.html	24	enc_q	      <link type="application/rsd+xml" title="RSD" href="/it-builder/xmlrpc.php%3Frsd" />
it-builder/case/case0001253/index.html	34	enc_q	      <link rel="stylesheet" href="/it-builder/wp-content/themes/itbuilder-theme/resource/css/common.css%3F=1.2.2.css" />
it-builder/case/case0001253/index.html	35	enc_q	      <link rel="stylesheet" media="print" href="/it-builder/wp-content/themes/itbuilder-theme/resource/css/print.css%3Fvar=0.1.css" />
it-builder/case/case0001253/index.html	181	enc_q	      <script type="text/javascript" src="/it-builder/wp-content/plugins/lw-wae-contents-editor/js/wae-section.js%3Fver=1.1" id="wae_front_script-js"></script>
it-builder/case/case0001253/index.html	182	enc_q	      <script type="text/javascript" src="/it-builder/wp-content/plugins/lw-wae-contents-editor/js/library.js%3Fver=1.1" id="wae_library_script-js"></script>
it-builder/case/case0001253/index-from-root-p1253.html	19	enc_q	      <link rel="stylesheet" href="/it-builder/wp-includes/css/dist/block-library/style.min.css%3Fver=6.1.7.css" type="text/css" media="all" />
it-builder/case/case0001253/index-from-root-p1253.html	20	enc_q	      <link rel="stylesheet" href="/it-builder/wp-includes/css/classic-themes.min.css%3Fver=1.css" type="text/css" media="all" />
it-builder/case/case0001253/index-from-root-p1253.html	22	enc_q	      <link rel="stylesheet" id="slick_style-css" href="/it-builder/wp-content/plugins/lw-wae-contents-editor/aos/slick.css%3Fver=6.1.7.css" type="text/css" media="all" />
it-builder/case/case0001253/index-from-root-p1253.html	24	enc_q	      <link type="application/rsd+xml" title="RSD" href="/it-builder/xmlrpc.php%3Frsd" />
it-builder/case/case0001253/index-from-root-p1253.html	34	enc_q	      <link rel="stylesheet" href="/it-builder/wp-content/themes/itbuilder-theme/resource/css/common.css%3F=1.2.2.css" />
it-builder/case/case0001253/index-from-root-p1253.html	35	enc_q	      <link rel="stylesheet" media="print" href="/it-builder/wp-content/themes/itbuilder-theme/resource/css/print.css%3Fvar=0.1.css" />
it-builder/case/case0001253/index-from-root-p1253.html	181	enc_q	      <script type="text/javascript" src="/it-builder/wp-content/plugins/lw-wae-contents-editor/js/wae-section.js%3Fver=1.1" id="wae_front_script-js"></script>
it-builder/case/case0001253/index-from-root-p1253.html	182	enc_q	      <script type="text/javascript" src="/it-builder/wp-content/plugins/lw-wae-contents-editor/js/library.js%3Fver=1.1" id="wae_library_script-js"></script>
it-builder/case/case0001238/index.html	19	enc_q	      <link rel="stylesheet" href="/it-builder/wp-includes/css/dist/block-library/style.min.css%3Fver=6.1.7.css" type="text/css" media="all" />
it-builder/case/case0001238/index.html	20	enc_q	      <link rel="stylesheet" href="/it-builder/wp-includes/css/classic-themes.min.css%3Fver=1.css" type="text/css" media="all" />
it-builder/case/case0001238/index.html	22	enc_q	      <link rel="stylesheet" id="slick_style-css" href="/it-builder/wp-content/plugins/lw-wae-contents-editor/aos/slick.css%3Fver=6.1.7.css" type="text/css" media="all" />
it-builder/case/case0001238/index.html	24	enc_q	      <link type="application/rsd+xml" title="RSD" href="/it-builder/xmlrpc.php%3Frsd" />
it-builder/case/case0001238/index.html	34	enc_q	      <link rel="stylesheet" href="/it-builder/wp-content/themes/itbuilder-theme/resource/css/common.css%3F=1.2.2.css" />
it-builder/case/case0001238/index.html	35	enc_q	      <link rel="stylesheet" media="print" href="/it-builder/wp-content/themes/itbuilder-theme/resource/css/print.css%3Fvar=0.1.css" />
it-builder/case/case0001238/index.html	159	enc_q	      <script type="text/javascript" src="/it-builder/wp-content/plugins/lw-wae-contents-editor/js/wae-section.js%3Fver=1.1" id="wae_front_script-js"></script>
it-builder/case/case0001238/index.html	160	enc_q	      <script type="text/javascript" src="/it-builder/wp-content/plugins/lw-wae-contents-editor/js/library.js%3Fver=1.1" id="wae_library_script-js"></script>
it-builder/case/case0001238/index-from-root-p1238.html	19	enc_q	      <link rel="stylesheet" href="/it-builder/wp-includes/css/dist/block-library/style.min.css%3Fver=6.1.7.css" type="text/css" media="all" />
it-builder/case/case0001238/index-from-root-p1238.html	20	enc_q	      <link rel="stylesheet" href="/it-builder/wp-includes/css/classic-themes.min.css%3Fver=1.css" type="text/css" media="all" />
it-builder/case/case0001238/index-from-root-p1238.html	22	enc_q	      <link rel="stylesheet" id="slick_style-css" href="/it-builder/wp-content/plugins/lw-wae-contents-editor/aos/slick.css%3Fver=6.1.7.css" type="text/css" media="all" />
it-builder/case/case0001238/index-from-root-p1238.html	24	enc_q	      <link type="application/rsd+xml" title="RSD" href="/it-builder/xmlrpc.php%3Frsd" />
it-builder/case/case0001238/index-from-root-p1238.html	34	enc_q	      <link rel="stylesheet" href="/it-builder/wp-content/themes/itbuilder-theme/resource/css/common.css%3F=1.2.2.css" />
it-builder/case/case0001238/index-from-root-p1238.html	35	enc_q	      <link rel="stylesheet" media="print" href="/it-builder/wp-content/themes/itbuilder-theme/resource/css/print.css%3Fvar=0.1.css" />
it-builder/case/case0001238/index-from-root-p1238.html	159	enc_q	      <script type="text/javascript" src="/it-builder/wp-content/plugins/lw-wae-contents-editor/js/wae-section.js%3Fver=1.1" id="wae_front_script-js"></script>
it-builder/case/case0001238/index-from-root-p1238.html	160	enc_q	      <script type="text/javascript" src="/it-builder/wp-content/plugins/lw-wae-contents-editor/js/library.js%3Fver=1.1" id="wae_library_script-js"></script>
it-builder/case/case0001244/index.html	19	enc_q	      <link rel="stylesheet" href="/it-builder/wp-includes/css/dist/block-library/style.min.css%3Fver=6.1.7.css" type="text/css" media="all" />
it-builder/case/case0001244/index.html	20	enc_q	      <link rel="stylesheet" href="/it-builder/wp-includes/css/classic-themes.min.css%3Fver=1.css" type="text/css" media="all" />
it-builder/case/case0001244/index.html	22	enc_q	      <link rel="stylesheet" id="slick_style-css" href="/it-builder/wp-content/plugins/lw-wae-contents-editor/aos/slick.css%3Fver=6.1.7.css" type="text/css" media="all" />
it-builder/case/case0001244/index.html	24	enc_q	      <link type="application/rsd+xml" title="RSD" href="/it-builder/xmlrpc.php%3Frsd" />
it-builder/case/case0001244/index.html	34	enc_q	      <link rel="stylesheet" href="/it-builder/wp-content/themes/itbuilder-theme/resource/css/common.css%3F=1.2.2.css" />
it-builder/case/case0001244/index.html	35	enc_q	      <link rel="stylesheet" media="print" href="/it-builder/wp-content/themes/itbuilder-theme/resource/css/print.css%3Fvar=0.1.css" />
it-builder/case/case0001244/index.html	133	enc_q	      <script type="text/javascript" src="/it-builder/wp-content/plugins/lw-wae-contents-editor/js/wae-section.js%3Fver=1.1" id="wae_front_script-js"></script>
it-builder/case/case0001244/index.html	134	enc_q	      <script type="text/javascript" src="/it-builder/wp-content/plugins/lw-wae-contents-editor/js/library.js%3Fver=1.1" id="wae_library_script-js"></script>
it-builder/case/case0001244/index-from-root-p1244.html	19	enc_q	      <link rel="stylesheet" href="/it-builder/wp-includes/css/dist/block-library/style.min.css%3Fver=6.1.7.css" type="text/css" media="all" />
it-builder/case/case0001244/index-from-root-p1244.html	20	enc_q	      <link rel="stylesheet" href="/it-builder/wp-includes/css/classic-themes.min.css%3Fver=1.css" type="text/css" media="all" />
it-builder/case/case0001244/index-from-root-p1244.html	22	enc_q	      <link rel="stylesheet" id="slick_style-css" href="/it-builder/wp-content/plugins/lw-wae-contents-editor/aos/slick.css%3Fver=6.1.7.css" type="text/css" media="all" />
it-builder/case/case0001244/index-from-root-p1244.html	24	enc_q	      <link type="application/rsd+xml" title="RSD" href="/it-builder/xmlrpc.php%3Frsd" />
it-builder/case/case0001244/index-from-root-p1244.html	34	enc_q	      <link rel="stylesheet" href="/it-builder/wp-content/themes/itbuilder-theme/resource/css/common.css%3F=1.2.2.css" />
it-builder/case/case0001244/index-from-root-p1244.html	35	enc_q	      <link rel="stylesheet" media="print" href="/it-builder/wp-content/themes/itbuilder-theme/resource/css/print.css%3Fvar=0.1.css" />
it-builder/case/case0001244/index-from-root-p1244.html	133	enc_q	      <script type="text/javascript" src="/it-builder/wp-content/plugins/lw-wae-contents-editor/js/wae-section.js%3Fver=1.1" id="wae_front_script-js"></script>
it-builder/case/case0001244/index-from-root-p1244.html	134	enc_q	      <script type="text/javascript" src="/it-builder/wp-content/plugins/lw-wae-contents-editor/js/library.js%3Fver=1.1" id="wae_library_script-js"></script>
it-builder/case/case0001217/index.html	19	enc_q	      <link rel="stylesheet" href="/it-builder/wp-includes/css/dist/block-library/style.min.css%3Fver=6.1.7.css" type="text/css" media="all" />
it-builder/case/case0001217/index.html	20	enc_q	      <link rel="stylesheet" href="/it-builder/wp-includes/css/classic-themes.min.css%3Fver=1.css" type="text/css" media="all" />
it-builder/case/case0001217/index.html	22	enc_q	      <link rel="stylesheet" id="slick_style-css" href="/it-builder/wp-content/plugins/lw-wae-contents-editor/aos/slick.css%3Fver=6.1.7.css" type="text/css" media="all" />
it-builder/case/case0001217/index.html	24	enc_q	      <link type="application/rsd+xml" title="RSD" href="/it-builder/xmlrpc.php%3Frsd" />
it-builder/case/case0001217/index.html	34	enc_q	      <link rel="stylesheet" href="/it-builder/wp-content/themes/itbuilder-theme/resource/css/common.css%3F=1.2.2.css" />
it-builder/case/case0001217/index.html	35	enc_q	      <link rel="stylesheet" media="print" href="/it-builder/wp-content/themes/itbuilder-theme/resource/css/print.css%3Fvar=0.1.css" />
it-builder/case/case0001217/index.html	149	enc_q	      <script type="text/javascript" src="/it-builder/wp-content/plugins/lw-wae-contents-editor/js/wae-section.js%3Fver=1.1" id="wae_front_script-js"></script>
it-builder/case/case0001217/index.html	150	enc_q	      <script type="text/javascript" src="/it-builder/wp-content/plugins/lw-wae-contents-editor/js/library.js%3Fver=1.1" id="wae_library_script-js"></script>
it-builder/case/case0001217/index-from-root-p1217.html	19	enc_q	      <link rel="stylesheet" href="/it-builder/wp-includes/css/dist/block-library/style.min.css%3Fver=6.1.7.css" type="text/css" media="all" />
it-builder/case/case0001217/index-from-root-p1217.html	20	enc_q	      <link rel="stylesheet" href="/it-builder/wp-includes/css/classic-themes.min.css%3Fver=1.css" type="text/css" media="all" />
it-builder/case/case0001217/index-from-root-p1217.html	22	enc_q	      <link rel="stylesheet" id="slick_style-css" href="/it-builder/wp-content/plugins/lw-wae-contents-editor/aos/slick.css%3Fver=6.1.7.css" type="text/css" media="all" />
it-builder/case/case0001217/index-from-root-p1217.html	24	enc_q	      <link type="application/rsd+xml" title="RSD" href="/it-builder/xmlrpc.php%3Frsd" />
it-builder/case/case0001217/index-from-root-p1217.html	34	enc_q	      <link rel="stylesheet" href="/it-builder/wp-content/themes/itbuilder-theme/resource/css/common.css%3F=1.2.2.css" />
it-builder/case/case0001217/index-from-root-p1217.html	35	enc_q	      <link rel="stylesheet" media="print" href="/it-builder/wp-content/themes/itbuilder-theme/resource/css/print.css%3Fvar=0.1.css" />
it-builder/case/case0001217/index-from-root-p1217.html	149	enc_q	      <script type="text/javascript" src="/it-builder/wp-content/plugins/lw-wae-contents-editor/js/wae-section.js%3Fver=1.1" id="wae_front_script-js"></script>
it-builder/case/case0001217/index-from-root-p1217.html	150	enc_q	      <script type="text/javascript" src="/it-builder/wp-content/plugins/lw-wae-contents-editor/js/library.js%3Fver=1.1" id="wae_library_script-js"></script>
it-builder/case/case0001226/index.html	19	enc_q	      <link rel="stylesheet" href="/it-builder/wp-includes/css/dist/block-library/style.min.css%3Fver=6.1.7.css" type="text/css" media="all" />
it-builder/case/case0001226/index.html	20	enc_q	      <link rel="stylesheet" href="/it-builder/wp-includes/css/classic-themes.min.css%3Fver=1.css" type="text/css" media="all" />
it-builder/case/case0001226/index.html	22	enc_q	      <link rel="stylesheet" id="slick_style-css" href="/it-builder/wp-content/plugins/lw-wae-contents-editor/aos/slick.css%3Fver=6.1.7.css" type="text/css" media="all" />
it-builder/case/case0001226/index.html	24	enc_q	      <link type="application/rsd+xml" title="RSD" href="/it-builder/xmlrpc.php%3Frsd" />
it-builder/case/case0001226/index.html	34	enc_q	      <link rel="stylesheet" href="/it-builder/wp-content/themes/itbuilder-theme/resource/css/common.css%3F=1.2.2.css" />
it-builder/case/case0001226/index.html	35	enc_q	      <link rel="stylesheet" media="print" href="/it-builder/wp-content/themes/itbuilder-theme/resource/css/print.css%3Fvar=0.1.css" />
it-builder/case/case0001226/index.html	149	enc_q	      <script type="text/javascript" src="/it-builder/wp-content/plugins/lw-wae-contents-editor/js/wae-section.js%3Fver=1.1" id="wae_front_script-js"></script>
it-builder/case/case0001226/index.html	150	enc_q	      <script type="text/javascript" src="/it-builder/wp-content/plugins/lw-wae-contents-editor/js/library.js%3Fver=1.1" id="wae_library_script-js"></script>
it-builder/case/case0001226/index-from-root-p1226.html	19	enc_q	      <link rel="stylesheet" href="/it-builder/wp-includes/css/dist/block-library/style.min.css%3Fver=6.1.7.css" type="text/css" media="all" />
it-builder/case/case0001226/index-from-root-p1226.html	20	enc_q	      <link rel="stylesheet" href="/it-builder/wp-includes/css/classic-themes.min.css%3Fver=1.css" type="text/css" media="all" />
it-builder/case/case0001226/index-from-root-p1226.html	22	enc_q	      <link rel="stylesheet" id="slick_style-css" href="/it-builder/wp-content/plugins/lw-wae-contents-editor/aos/slick.css%3Fver=6.1.7.css" type="text/css" media="all" />
it-builder/case/case0001226/index-from-root-p1226.html	24	enc_q	      <link type="application/rsd+xml" title="RSD" href="/it-builder/xmlrpc.php%3Frsd" />
it-builder/case/case0001226/index-from-root-p1226.html	34	enc_q	      <link rel="stylesheet" href="/it-builder/wp-content/themes/itbuilder-theme/resource/css/common.css%3F=1.2.2.css" />
it-builder/case/case0001226/index-from-root-p1226.html	35	enc_q	      <link rel="stylesheet" media="print" href="/it-builder/wp-content/themes/itbuilder-theme/resource/css/print.css%3Fvar=0.1.css" />
it-builder/case/case0001226/index-from-root-p1226.html	149	enc_q	      <script type="text/javascript" src="/it-builder/wp-content/plugins/lw-wae-contents-editor/js/wae-section.js%3Fver=1.1" id="wae_front_script-js"></script>
it-builder/case/case0001226/index-from-root-p1226.html	150	enc_q	      <script type="text/javascript" src="/it-builder/wp-content/plugins/lw-wae-contents-editor/js/library.js%3Fver=1.1" id="wae_library_script-js"></script>
it-builder/case/case0001220/index.html	19	enc_q	      <link rel="stylesheet" href="/it-builder/wp-includes/css/dist/block-library/style.min.css%3Fver=6.1.7.css" type="text/css" media="all" />
it-builder/case/case0001220/index.html	20	enc_q	      <link rel="stylesheet" href="/it-builder/wp-includes/css/classic-themes.min.css%3Fver=1.css" type="text/css" media="all" />
it-builder/case/case0001220/index.html	22	enc_q	      <link rel="stylesheet" id="slick_style-css" href="/it-builder/wp-content/plugins/lw-wae-contents-editor/aos/slick.css%3Fver=6.1.7.css" type="text/css" media="all" />
it-builder/case/case0001220/index.html	24	enc_q	      <link type="application/rsd+xml" title="RSD" href="/it-builder/xmlrpc.php%3Frsd" />
it-builder/case/case0001220/index.html	34	enc_q	      <link rel="stylesheet" href="/it-builder/wp-content/themes/itbuilder-theme/resource/css/common.css%3F=1.2.2.css" />
it-builder/case/case0001220/index.html	35	enc_q	      <link rel="stylesheet" media="print" href="/it-builder/wp-content/themes/itbuilder-theme/resource/css/print.css%3Fvar=0.1.css" />
it-builder/case/case0001220/index.html	145	enc_q	      <script type="text/javascript" src="/it-builder/wp-content/plugins/lw-wae-contents-editor/js/wae-section.js%3Fver=1.1" id="wae_front_script-js"></script>
it-builder/case/case0001220/index.html	146	enc_q	      <script type="text/javascript" src="/it-builder/wp-content/plugins/lw-wae-contents-editor/js/library.js%3Fver=1.1" id="wae_library_script-js"></script>
it-builder/case/case0001220/index-from-root-p1220.html	19	enc_q	      <link rel="stylesheet" href="/it-builder/wp-includes/css/dist/block-library/style.min.css%3Fver=6.1.7.css" type="text/css" media="all" />
it-builder/case/case0001220/index-from-root-p1220.html	20	enc_q	      <link rel="stylesheet" href="/it-builder/wp-includes/css/classic-themes.min.css%3Fver=1.css" type="text/css" media="all" />
it-builder/case/case0001220/index-from-root-p1220.html	22	enc_q	      <link rel="stylesheet" id="slick_style-css" href="/it-builder/wp-content/plugins/lw-wae-contents-editor/aos/slick.css%3Fver=6.1.7.css" type="text/css" media="all" />
it-builder/case/case0001220/index-from-root-p1220.html	24	enc_q	      <link type="application/rsd+xml" title="RSD" href="/it-builder/xmlrpc.php%3Frsd" />
it-builder/case/case0001220/index-from-root-p1220.html	34	enc_q	      <link rel="stylesheet" href="/it-builder/wp-content/themes/itbuilder-theme/resource/css/common.css%3F=1.2.2.css" />
it-builder/case/case0001220/index-from-root-p1220.html	35	enc_q	      <link rel="stylesheet" media="print" href="/it-builder/wp-content/themes/itbuilder-theme/resource/css/print.css%3Fvar=0.1.css" />
it-builder/case/case0001220/index-from-root-p1220.html	145	enc_q	      <script type="text/javascript" src="/it-builder/wp-content/plugins/lw-wae-contents-editor/js/wae-section.js%3Fver=1.1" id="wae_front_script-js"></script>
it-builder/case/case0001220/index-from-root-p1220.html	146	enc_q	      <script type="text/javascript" src="/it-builder/wp-content/plugins/lw-wae-contents-editor/js/library.js%3Fver=1.1" id="wae_library_script-js"></script>
it-builder/case/case0001211/index-from-root-p1211.html	19	enc_q	      <link rel="stylesheet" href="/it-builder/wp-includes/css/dist/block-library/style.min.css%3Fver=6.1.7.css" type="text/css" media="all" />
it-builder/case/case0001211/index-from-root-p1211.html	20	enc_q	      <link rel="stylesheet" href="/it-builder/wp-includes/css/classic-themes.min.css%3Fver=1.css" type="text/css" media="all" />
it-builder/case/case0001211/index-from-root-p1211.html	22	enc_q	      <link rel="stylesheet" id="slick_style-css" href="/it-builder/wp-content/plugins/lw-wae-contents-editor/aos/slick.css%3Fver=6.1.7.css" type="text/css" media="all" />
it-builder/case/case0001211/index-from-root-p1211.html	24	enc_q	      <link type="application/rsd+xml" title="RSD" href="/it-builder/xmlrpc.php%3Frsd" />
it-builder/case/case0001211/index-from-root-p1211.html	34	enc_q	      <link rel="stylesheet" href="/it-builder/wp-content/themes/itbuilder-theme/resource/css/common.css%3F=1.2.2.css" />
it-builder/case/case0001211/index-from-root-p1211.html	35	enc_q	      <link rel="stylesheet" media="print" href="/it-builder/wp-content/themes/itbuilder-theme/resource/css/print.css%3Fvar=0.1.css" />
it-builder/case/case0001211/index-from-root-p1211.html	145	enc_q	      <script type="text/javascript" src="/it-builder/wp-content/plugins/lw-wae-contents-editor/js/wae-section.js%3Fver=1.1" id="wae_front_script-js"></script>
it-builder/case/case0001211/index-from-root-p1211.html	146	enc_q	      <script type="text/javascript" src="/it-builder/wp-content/plugins/lw-wae-contents-editor/js/library.js%3Fver=1.1" id="wae_library_script-js"></script>
it-builder/case/case0001211/index.html	19	enc_q	      <link rel="stylesheet" href="/it-builder/wp-includes/css/dist/block-library/style.min.css%3Fver=6.1.7.css" type="text/css" media="all" />
it-builder/case/case0001211/index.html	20	enc_q	      <link rel="stylesheet" href="/it-builder/wp-includes/css/classic-themes.min.css%3Fver=1.css" type="text/css" media="all" />
it-builder/case/case0001211/index.html	22	enc_q	      <link rel="stylesheet" id="slick_style-css" href="/it-builder/wp-content/plugins/lw-wae-contents-editor/aos/slick.css%3Fver=6.1.7.css" type="text/css" media="all" />
it-builder/case/case0001211/index.html	24	enc_q	      <link type="application/rsd+xml" title="RSD" href="/it-builder/xmlrpc.php%3Frsd" />
it-builder/case/case0001211/index.html	34	enc_q	      <link rel="stylesheet" href="/it-builder/wp-content/themes/itbuilder-theme/resource/css/common.css%3F=1.2.2.css" />
it-builder/case/case0001211/index.html	35	enc_q	      <link rel="stylesheet" media="print" href="/it-builder/wp-content/themes/itbuilder-theme/resource/css/print.css%3Fvar=0.1.css" />
it-builder/case/case0001211/index.html	145	enc_q	      <script type="text/javascript" src="/it-builder/wp-content/plugins/lw-wae-contents-editor/js/wae-section.js%3Fver=1.1" id="wae_front_script-js"></script>
it-builder/case/case0001211/index.html	146	enc_q	      <script type="text/javascript" src="/it-builder/wp-content/plugins/lw-wae-contents-editor/js/library.js%3Fver=1.1" id="wae_library_script-js"></script>
it-builder/case/case0001193/index.html	19	enc_q	      <link rel="stylesheet" href="/it-builder/wp-includes/css/dist/block-library/style.min.css%3Fver=6.1.7.css" type="text/css" media="all" />
it-builder/case/case0001193/index.html	20	enc_q	      <link rel="stylesheet" href="/it-builder/wp-includes/css/classic-themes.min.css%3Fver=1.css" type="text/css" media="all" />
it-builder/case/case0001193/index.html	22	enc_q	      <link rel="stylesheet" id="slick_style-css" href="/it-builder/wp-content/plugins/lw-wae-contents-editor/aos/slick.css%3Fver=6.1.7.css" type="text/css" media="all" />
it-builder/case/case0001193/index.html	24	enc_q	      <link type="application/rsd+xml" title="RSD" href="/it-builder/xmlrpc.php%3Frsd" />
it-builder/case/case0001193/index.html	34	enc_q	      <link rel="stylesheet" href="/it-builder/wp-content/themes/itbuilder-theme/resource/css/common.css%3F=1.2.2.css" />
it-builder/case/case0001193/index.html	35	enc_q	      <link rel="stylesheet" media="print" href="/it-builder/wp-content/themes/itbuilder-theme/resource/css/print.css%3Fvar=0.1.css" />
it-builder/case/case0001193/index.html	153	enc_q	      <script type="text/javascript" src="/it-builder/wp-content/plugins/lw-wae-contents-editor/js/wae-section.js%3Fver=1.1" id="wae_front_script-js"></script>
it-builder/case/case0001193/index.html	154	enc_q	      <script type="text/javascript" src="/it-builder/wp-content/plugins/lw-wae-contents-editor/js/library.js%3Fver=1.1" id="wae_library_script-js"></script>
it-builder/case/case0001193/index-from-root-p1193.html	19	enc_q	      <link rel="stylesheet" href="/it-builder/wp-includes/css/dist/block-library/style.min.css%3Fver=6.1.7.css" type="text/css" media="all" />
it-builder/case/case0001193/index-from-root-p1193.html	20	enc_q	      <link rel="stylesheet" href="/it-builder/wp-includes/css/classic-themes.min.css%3Fver=1.css" type="text/css" media="all" />
it-builder/case/case0001193/index-from-root-p1193.html	22	enc_q	      <link rel="stylesheet" id="slick_style-css" href="/it-builder/wp-content/plugins/lw-wae-contents-editor/aos/slick.css%3Fver=6.1.7.css" type="text/css" media="all" />
it-builder/case/case0001193/index-from-root-p1193.html	24	enc_q	      <link type="application/rsd+xml" title="RSD" href="/it-builder/xmlrpc.php%3Frsd" />
it-builder/case/case0001193/index-from-root-p1193.html	34	enc_q	      <link rel="stylesheet" href="/it-builder/wp-content/themes/itbuilder-theme/resource/css/common.css%3F=1.2.2.css" />
it-builder/case/case0001193/index-from-root-p1193.html	35	enc_q	      <link rel="stylesheet" media="print" href="/it-builder/wp-content/themes/itbuilder-theme/resource/css/print.css%3Fvar=0.1.css" />
it-builder/case/case0001193/index-from-root-p1193.html	153	enc_q	      <script type="text/javascript" src="/it-builder/wp-content/plugins/lw-wae-contents-editor/js/wae-section.js%3Fver=1.1" id="wae_front_script-js"></script>
it-builder/case/case0001193/index-from-root-p1193.html	154	enc_q	      <script type="text/javascript" src="/it-builder/wp-content/plugins/lw-wae-contents-editor/js/library.js%3Fver=1.1" id="wae_library_script-js"></script>
it-builder/case/case0001181/index-from-root-p1181.html	19	enc_q	      <link rel="stylesheet" href="/it-builder/wp-includes/css/dist/block-library/style.min.css%3Fver=6.1.7.css" type="text/css" media="all" />
it-builder/case/case0001181/index-from-root-p1181.html	20	enc_q	      <link rel="stylesheet" href="/it-builder/wp-includes/css/classic-themes.min.css%3Fver=1.css" type="text/css" media="all" />
it-builder/case/case0001181/index-from-root-p1181.html	22	enc_q	      <link rel="stylesheet" id="slick_style-css" href="/it-builder/wp-content/plugins/lw-wae-contents-editor/aos/slick.css%3Fver=6.1.7.css" type="text/css" media="all" />
it-builder/case/case0001181/index-from-root-p1181.html	24	enc_q	      <link type="application/rsd+xml" title="RSD" href="/it-builder/xmlrpc.php%3Frsd" />
it-builder/case/case0001181/index-from-root-p1181.html	34	enc_q	      <link rel="stylesheet" href="/it-builder/wp-content/themes/itbuilder-theme/resource/css/common.css%3F=1.2.2.css" />
it-builder/case/case0001181/index-from-root-p1181.html	35	enc_q	      <link rel="stylesheet" media="print" href="/it-builder/wp-content/themes/itbuilder-theme/resource/css/print.css%3Fvar=0.1.css" />
it-builder/case/case0001181/index-from-root-p1181.html	137	enc_q	      <script type="text/javascript" src="/it-builder/wp-content/plugins/lw-wae-contents-editor/js/wae-section.js%3Fver=1.1" id="wae_front_script-js"></script>
it-builder/case/case0001181/index-from-root-p1181.html	138	enc_q	      <script type="text/javascript" src="/it-builder/wp-content/plugins/lw-wae-contents-editor/js/library.js%3Fver=1.1" id="wae_library_script-js"></script>
it-builder/case/case0001181/index.html	19	enc_q	      <link rel="stylesheet" href="/it-builder/wp-includes/css/dist/block-library/style.min.css%3Fver=6.1.7.css" type="text/css" media="all" />
it-builder/case/case0001181/index.html	20	enc_q	      <link rel="stylesheet" href="/it-builder/wp-includes/css/classic-themes.min.css%3Fver=1.css" type="text/css" media="all" />
it-builder/case/case0001181/index.html	22	enc_q	      <link rel="stylesheet" id="slick_style-css" href="/it-builder/wp-content/plugins/lw-wae-contents-editor/aos/slick.css%3Fver=6.1.7.css" type="text/css" media="all" />
it-builder/case/case0001181/index.html	24	enc_q	      <link type="application/rsd+xml" title="RSD" href="/it-builder/xmlrpc.php%3Frsd" />
it-builder/case/case0001181/index.html	34	enc_q	      <link rel="stylesheet" href="/it-builder/wp-content/themes/itbuilder-theme/resource/css/common.css%3F=1.2.2.css" />
it-builder/case/case0001181/index.html	35	enc_q	      <link rel="stylesheet" media="print" href="/it-builder/wp-content/themes/itbuilder-theme/resource/css/print.css%3Fvar=0.1.css" />
it-builder/case/case0001181/index.html	137	enc_q	      <script type="text/javascript" src="/it-builder/wp-content/plugins/lw-wae-contents-editor/js/wae-section.js%3Fver=1.1" id="wae_front_script-js"></script>
it-builder/case/case0001181/index.html	138	enc_q	      <script type="text/javascript" src="/it-builder/wp-content/plugins/lw-wae-contents-editor/js/library.js%3Fver=1.1" id="wae_library_script-js"></script>
it-builder/case/case0001187/index.html	19	enc_q	      <link rel="stylesheet" href="/it-builder/wp-includes/css/dist/block-library/style.min.css%3Fver=6.1.7.css" type="text/css" media="all" />
it-builder/case/case0001187/index.html	20	enc_q	      <link rel="stylesheet" href="/it-builder/wp-includes/css/classic-themes.min.css%3Fver=1.css" type="text/css" media="all" />
it-builder/case/case0001187/index.html	22	enc_q	      <link rel="stylesheet" id="slick_style-css" href="/it-builder/wp-content/plugins/lw-wae-contents-editor/aos/slick.css%3Fver=6.1.7.css" type="text/css" media="all" />
it-builder/case/case0001187/index.html	24	enc_q	      <link type="application/rsd+xml" title="RSD" href="/it-builder/xmlrpc.php%3Frsd" />
it-builder/case/case0001187/index.html	34	enc_q	      <link rel="stylesheet" href="/it-builder/wp-content/themes/itbuilder-theme/resource/css/common.css%3F=1.2.2.css" />
it-builder/case/case0001187/index.html	35	enc_q	      <link rel="stylesheet" media="print" href="/it-builder/wp-content/themes/itbuilder-theme/resource/css/print.css%3Fvar=0.1.css" />
it-builder/case/case0001187/index.html	133	enc_q	      <script type="text/javascript" src="/it-builder/wp-content/plugins/lw-wae-contents-editor/js/wae-section.js%3Fver=1.1" id="wae_front_script-js"></script>
it-builder/case/case0001187/index.html	134	enc_q	      <script type="text/javascript" src="/it-builder/wp-content/plugins/lw-wae-contents-editor/js/library.js%3Fver=1.1" id="wae_library_script-js"></script>
it-builder/case/case0001187/index-from-root-p1187.html	19	enc_q	      <link rel="stylesheet" href="/it-builder/wp-includes/css/dist/block-library/style.min.css%3Fver=6.1.7.css" type="text/css" media="all" />
it-builder/case/case0001187/index-from-root-p1187.html	20	enc_q	      <link rel="stylesheet" href="/it-builder/wp-includes/css/classic-themes.min.css%3Fver=1.css" type="text/css" media="all" />
it-builder/case/case0001187/index-from-root-p1187.html	22	enc_q	      <link rel="stylesheet" id="slick_style-css" href="/it-builder/wp-content/plugins/lw-wae-contents-editor/aos/slick.css%3Fver=6.1.7.css" type="text/css" media="all" />
it-builder/case/case0001187/index-from-root-p1187.html	24	enc_q	      <link type="application/rsd+xml" title="RSD" href="/it-builder/xmlrpc.php%3Frsd" />
it-builder/case/case0001187/index-from-root-p1187.html	34	enc_q	      <link rel="stylesheet" href="/it-builder/wp-content/themes/itbuilder-theme/resource/css/common.css%3F=1.2.2.css" />
it-builder/case/case0001187/index-from-root-p1187.html	35	enc_q	      <link rel="stylesheet" media="print" href="/it-builder/wp-content/themes/itbuilder-theme/resource/css/print.css%3Fvar=0.1.css" />
it-builder/case/case0001187/index-from-root-p1187.html	133	enc_q	      <script type="text/javascript" src="/it-builder/wp-content/plugins/lw-wae-contents-editor/js/wae-section.js%3Fver=1.1" id="wae_front_script-js"></script>
it-builder/case/case0001187/index-from-root-p1187.html	134	enc_q	      <script type="text/javascript" src="/it-builder/wp-content/plugins/lw-wae-contents-editor/js/library.js%3Fver=1.1" id="wae_library_script-js"></script>
it-builder/case/case0001174/index.html	19	enc_q	      <link rel="stylesheet" href="/it-builder/wp-includes/css/dist/block-library/style.min.css%3Fver=6.1.7.css" type="text/css" media="all" />
it-builder/case/case0001174/index.html	20	enc_q	      <link rel="stylesheet" href="/it-builder/wp-includes/css/classic-themes.min.css%3Fver=1.css" type="text/css" media="all" />
it-builder/case/case0001174/index.html	22	enc_q	      <link rel="stylesheet" id="slick_style-css" href="/it-builder/wp-content/plugins/lw-wae-contents-editor/aos/slick.css%3Fver=6.1.7.css" type="text/css" media="all" />
it-builder/case/case0001174/index.html	24	enc_q	      <link type="application/rsd+xml" title="RSD" href="/it-builder/xmlrpc.php%3Frsd" />
it-builder/case/case0001174/index.html	34	enc_q	      <link rel="stylesheet" href="/it-builder/wp-content/themes/itbuilder-theme/resource/css/common.css%3F=1.2.2.css" />
it-builder/case/case0001174/index.html	35	enc_q	      <link rel="stylesheet" media="print" href="/it-builder/wp-content/themes/itbuilder-theme/resource/css/print.css%3Fvar=0.1.css" />
it-builder/case/case0001174/index.html	133	enc_q	      <script type="text/javascript" src="/it-builder/wp-content/plugins/lw-wae-contents-editor/js/wae-section.js%3Fver=1.1" id="wae_front_script-js"></script>
it-builder/case/case0001174/index.html	134	enc_q	      <script type="text/javascript" src="/it-builder/wp-content/plugins/lw-wae-contents-editor/js/library.js%3Fver=1.1" id="wae_library_script-js"></script>
it-builder/case/case0001174/index-from-root-p1174.html	19	enc_q	      <link rel="stylesheet" href="/it-builder/wp-includes/css/dist/block-library/style.min.css%3Fver=6.1.7.css" type="text/css" media="all" />
it-builder/case/case0001174/index-from-root-p1174.html	20	enc_q	      <link rel="stylesheet" href="/it-builder/wp-includes/css/classic-themes.min.css%3Fver=1.css" type="text/css" media="all" />
it-builder/case/case0001174/index-from-root-p1174.html	22	enc_q	      <link rel="stylesheet" id="slick_style-css" href="/it-builder/wp-content/plugins/lw-wae-contents-editor/aos/slick.css%3Fver=6.1.7.css" type="text/css" media="all" />
it-builder/case/case0001174/index-from-root-p1174.html	24	enc_q	      <link type="application/rsd+xml" title="RSD" href="/it-builder/xmlrpc.php%3Frsd" />
it-builder/case/case0001174/index-from-root-p1174.html	34	enc_q	      <link rel="stylesheet" href="/it-builder/wp-content/themes/itbuilder-theme/resource/css/common.css%3F=1.2.2.css" />
it-builder/case/case0001174/index-from-root-p1174.html	35	enc_q	      <link rel="stylesheet" media="print" href="/it-builder/wp-content/themes/itbuilder-theme/resource/css/print.css%3Fvar=0.1.css" />
it-builder/case/case0001174/index-from-root-p1174.html	133	enc_q	      <script type="text/javascript" src="/it-builder/wp-content/plugins/lw-wae-contents-editor/js/wae-section.js%3Fver=1.1" id="wae_front_script-js"></script>
it-builder/case/case0001174/index-from-root-p1174.html	134	enc_q	      <script type="text/javascript" src="/it-builder/wp-content/plugins/lw-wae-contents-editor/js/library.js%3Fver=1.1" id="wae_library_script-js"></script>
it-builder/case/case0001205/index.html	19	enc_q	      <link rel="stylesheet" href="/it-builder/wp-includes/css/dist/block-library/style.min.css%3Fver=6.1.7.css" type="text/css" media="all" />
it-builder/case/case0001205/index.html	20	enc_q	      <link rel="stylesheet" href="/it-builder/wp-includes/css/classic-themes.min.css%3Fver=1.css" type="text/css" media="all" />
it-builder/case/case0001205/index.html	22	enc_q	      <link rel="stylesheet" id="slick_style-css" href="/it-builder/wp-content/plugins/lw-wae-contents-editor/aos/slick.css%3Fver=6.1.7.css" type="text/css" media="all" />
it-builder/case/case0001205/index.html	24	enc_q	      <link type="application/rsd+xml" title="RSD" href="/it-builder/xmlrpc.php%3Frsd" />
it-builder/case/case0001205/index.html	34	enc_q	      <link rel="stylesheet" href="/it-builder/wp-content/themes/itbuilder-theme/resource/css/common.css%3F=1.2.2.css" />
it-builder/case/case0001205/index.html	35	enc_q	      <link rel="stylesheet" media="print" href="/it-builder/wp-content/themes/itbuilder-theme/resource/css/print.css%3Fvar=0.1.css" />
it-builder/case/case0001205/index.html	145	enc_q	      <script type="text/javascript" src="/it-builder/wp-content/plugins/lw-wae-contents-editor/js/wae-section.js%3Fver=1.1" id="wae_front_script-js"></script>
it-builder/case/case0001205/index.html	146	enc_q	      <script type="text/javascript" src="/it-builder/wp-content/plugins/lw-wae-contents-editor/js/library.js%3Fver=1.1" id="wae_library_script-js"></script>
it-builder/case/case0001205/index-from-root-p1205.html	19	enc_q	      <link rel="stylesheet" href="/it-builder/wp-includes/css/dist/block-library/style.min.css%3Fver=6.1.7.css" type="text/css" media="all" />
it-builder/case/case0001205/index-from-root-p1205.html	20	enc_q	      <link rel="stylesheet" href="/it-builder/wp-includes/css/classic-themes.min.css%3Fver=1.css" type="text/css" media="all" />
it-builder/case/case0001205/index-from-root-p1205.html	22	enc_q	      <link rel="stylesheet" id="slick_style-css" href="/it-builder/wp-content/plugins/lw-wae-contents-editor/aos/slick.css%3Fver=6.1.7.css" type="text/css" media="all" />
it-builder/case/case0001205/index-from-root-p1205.html	24	enc_q	      <link type="application/rsd+xml" title="RSD" href="/it-builder/xmlrpc.php%3Frsd" />
it-builder/case/case0001205/index-from-root-p1205.html	34	enc_q	      <link rel="stylesheet" href="/it-builder/wp-content/themes/itbuilder-theme/resource/css/common.css%3F=1.2.2.css" />
it-builder/case/case0001205/index-from-root-p1205.html	35	enc_q	      <link rel="stylesheet" media="print" href="/it-builder/wp-content/themes/itbuilder-theme/resource/css/print.css%3Fvar=0.1.css" />
it-builder/case/case0001205/index-from-root-p1205.html	145	enc_q	      <script type="text/javascript" src="/it-builder/wp-content/plugins/lw-wae-contents-editor/js/wae-section.js%3Fver=1.1" id="wae_front_script-js"></script>
it-builder/case/case0001205/index-from-root-p1205.html	146	enc_q	      <script type="text/javascript" src="/it-builder/wp-content/plugins/lw-wae-contents-editor/js/library.js%3Fver=1.1" id="wae_library_script-js"></script>
it-builder/case/case0001202/index.html	19	enc_q	      <link rel="stylesheet" href="/it-builder/wp-includes/css/dist/block-library/style.min.css%3Fver=6.1.7.css" type="text/css" media="all" />
it-builder/case/case0001202/index.html	20	enc_q	      <link rel="stylesheet" href="/it-builder/wp-includes/css/classic-themes.min.css%3Fver=1.css" type="text/css" media="all" />
it-builder/case/case0001202/index.html	22	enc_q	      <link rel="stylesheet" id="slick_style-css" href="/it-builder/wp-content/plugins/lw-wae-contents-editor/aos/slick.css%3Fver=6.1.7.css" type="text/css" media="all" />
it-builder/case/case0001202/index.html	24	enc_q	      <link type="application/rsd+xml" title="RSD" href="/it-builder/xmlrpc.php%3Frsd" />
it-builder/case/case0001202/index.html	34	enc_q	      <link rel="stylesheet" href="/it-builder/wp-content/themes/itbuilder-theme/resource/css/common.css%3F=1.2.2.css" />
it-builder/case/case0001202/index.html	35	enc_q	      <link rel="stylesheet" media="print" href="/it-builder/wp-content/themes/itbuilder-theme/resource/css/print.css%3Fvar=0.1.css" />
it-builder/case/case0001202/index.html	183	enc_q	      <script type="text/javascript" src="/it-builder/wp-content/plugins/lw-wae-contents-editor/js/wae-section.js%3Fver=1.1" id="wae_front_script-js"></script>
it-builder/case/case0001202/index.html	184	enc_q	      <script type="text/javascript" src="/it-builder/wp-content/plugins/lw-wae-contents-editor/js/library.js%3Fver=1.1" id="wae_library_script-js"></script>
it-builder/case/case0001202/index-from-root-p1202.html	19	enc_q	      <link rel="stylesheet" href="/it-builder/wp-includes/css/dist/block-library/style.min.css%3Fver=6.1.7.css" type="text/css" media="all" />
it-builder/case/case0001202/index-from-root-p1202.html	20	enc_q	      <link rel="stylesheet" href="/it-builder/wp-includes/css/classic-themes.min.css%3Fver=1.css" type="text/css" media="all" />
it-builder/case/case0001202/index-from-root-p1202.html	22	enc_q	      <link rel="stylesheet" id="slick_style-css" href="/it-builder/wp-content/plugins/lw-wae-contents-editor/aos/slick.css%3Fver=6.1.7.css" type="text/css" media="all" />
it-builder/case/case0001202/index-from-root-p1202.html	24	enc_q	      <link type="application/rsd+xml" title="RSD" href="/it-builder/xmlrpc.php%3Frsd" />
it-builder/case/case0001202/index-from-root-p1202.html	34	enc_q	      <link rel="stylesheet" href="/it-builder/wp-content/themes/itbuilder-theme/resource/css/common.css%3F=1.2.2.css" />
it-builder/case/case0001202/index-from-root-p1202.html	35	enc_q	      <link rel="stylesheet" media="print" href="/it-builder/wp-content/themes/itbuilder-theme/resource/css/print.css%3Fvar=0.1.css" />
it-builder/case/case0001202/index-from-root-p1202.html	183	enc_q	      <script type="text/javascript" src="/it-builder/wp-content/plugins/lw-wae-contents-editor/js/wae-section.js%3Fver=1.1" id="wae_front_script-js"></script>
it-builder/case/case0001202/index-from-root-p1202.html	184	enc_q	      <script type="text/javascript" src="/it-builder/wp-content/plugins/lw-wae-contents-editor/js/library.js%3Fver=1.1" id="wae_library_script-js"></script>
it-builder/case/case0001256/index.html	19	enc_q	      <link rel="stylesheet" href="/it-builder/wp-includes/css/dist/block-library/style.min.css%3Fver=6.1.7.css" type="text/css" media="all" />
it-builder/case/case0001256/index.html	20	enc_q	      <link rel="stylesheet" href="/it-builder/wp-includes/css/classic-themes.min.css%3Fver=1.css" type="text/css" media="all" />
it-builder/case/case0001256/index.html	22	enc_q	      <link rel="stylesheet" id="slick_style-css" href="/it-builder/wp-content/plugins/lw-wae-contents-editor/aos/slick.css%3Fver=6.1.7.css" type="text/css" media="all" />
it-builder/case/case0001256/index.html	24	enc_q	      <link type="application/rsd+xml" title="RSD" href="/it-builder/xmlrpc.php%3Frsd" />
it-builder/case/case0001256/index.html	34	enc_q	      <link rel="stylesheet" href="/it-builder/wp-content/themes/itbuilder-theme/resource/css/common.css%3F=1.2.2.css" />
it-builder/case/case0001256/index.html	35	enc_q	      <link rel="stylesheet" media="print" href="/it-builder/wp-content/themes/itbuilder-theme/resource/css/print.css%3Fvar=0.1.css" />
it-builder/case/case0001256/index.html	137	enc_q	      <script type="text/javascript" src="/it-builder/wp-content/plugins/lw-wae-contents-editor/js/wae-section.js%3Fver=1.1" id="wae_front_script-js"></script>
it-builder/case/case0001256/index.html	138	enc_q	      <script type="text/javascript" src="/it-builder/wp-content/plugins/lw-wae-contents-editor/js/library.js%3Fver=1.1" id="wae_library_script-js"></script>
it-builder/case/case0001256/index-from-root-p1256.html	19	enc_q	      <link rel="stylesheet" href="/it-builder/wp-includes/css/dist/block-library/style.min.css%3Fver=6.1.7.css" type="text/css" media="all" />
it-builder/case/case0001256/index-from-root-p1256.html	20	enc_q	      <link rel="stylesheet" href="/it-builder/wp-includes/css/classic-themes.min.css%3Fver=1.css" type="text/css" media="all" />
it-builder/case/case0001256/index-from-root-p1256.html	22	enc_q	      <link rel="stylesheet" id="slick_style-css" href="/it-builder/wp-content/plugins/lw-wae-contents-editor/aos/slick.css%3Fver=6.1.7.css" type="text/css" media="all" />
it-builder/case/case0001256/index-from-root-p1256.html	24	enc_q	      <link type="application/rsd+xml" title="RSD" href="/it-builder/xmlrpc.php%3Frsd" />
it-builder/case/case0001256/index-from-root-p1256.html	34	enc_q	      <link rel="stylesheet" href="/it-builder/wp-content/themes/itbuilder-theme/resource/css/common.css%3F=1.2.2.css" />
it-builder/case/case0001256/index-from-root-p1256.html	35	enc_q	      <link rel="stylesheet" media="print" href="/it-builder/wp-content/themes/itbuilder-theme/resource/css/print.css%3Fvar=0.1.css" />
it-builder/case/case0001256/index-from-root-p1256.html	137	enc_q	      <script type="text/javascript" src="/it-builder/wp-content/plugins/lw-wae-contents-editor/js/wae-section.js%3Fver=1.1" id="wae_front_script-js"></script>
it-builder/case/case0001256/index-from-root-p1256.html	138	enc_q	      <script type="text/javascript" src="/it-builder/wp-content/plugins/lw-wae-contents-editor/js/library.js%3Fver=1.1" id="wae_library_script-js"></script>
it-builder/case/case0001232/index.html	19	enc_q	      <link rel="stylesheet" href="/it-builder/wp-includes/css/dist/block-library/style.min.css%3Fver=6.1.7.css" type="text/css" media="all" />
it-builder/case/case0001232/index.html	20	enc_q	      <link rel="stylesheet" href="/it-builder/wp-includes/css/classic-themes.min.css%3Fver=1.css" type="text/css" media="all" />
it-builder/case/case0001232/index.html	22	enc_q	      <link rel="stylesheet" id="slick_style-css" href="/it-builder/wp-content/plugins/lw-wae-contents-editor/aos/slick.css%3Fver=6.1.7.css" type="text/css" media="all" />
it-builder/case/case0001232/index.html	24	enc_q	      <link type="application/rsd+xml" title="RSD" href="/it-builder/xmlrpc.php%3Frsd" />
it-builder/case/case0001232/index.html	34	enc_q	      <link rel="stylesheet" href="/it-builder/wp-content/themes/itbuilder-theme/resource/css/common.css%3F=1.2.2.css" />
it-builder/case/case0001232/index.html	35	enc_q	      <link rel="stylesheet" media="print" href="/it-builder/wp-content/themes/itbuilder-theme/resource/css/print.css%3Fvar=0.1.css" />
it-builder/case/case0001232/index.html	133	enc_q	      <script type="text/javascript" src="/it-builder/wp-content/plugins/lw-wae-contents-editor/js/wae-section.js%3Fver=1.1" id="wae_front_script-js"></script>
it-builder/case/case0001232/index.html	134	enc_q	      <script type="text/javascript" src="/it-builder/wp-content/plugins/lw-wae-contents-editor/js/library.js%3Fver=1.1" id="wae_library_script-js"></script>
it-builder/case/case0001232/index-from-root-p1232.html	19	enc_q	      <link rel="stylesheet" href="/it-builder/wp-includes/css/dist/block-library/style.min.css%3Fver=6.1.7.css" type="text/css" media="all" />
it-builder/case/case0001232/index-from-root-p1232.html	20	enc_q	      <link rel="stylesheet" href="/it-builder/wp-includes/css/classic-themes.min.css%3Fver=1.css" type="text/css" media="all" />
it-builder/case/case0001232/index-from-root-p1232.html	22	enc_q	      <link rel="stylesheet" id="slick_style-css" href="/it-builder/wp-content/plugins/lw-wae-contents-editor/aos/slick.css%3Fver=6.1.7.css" type="text/css" media="all" />
it-builder/case/case0001232/index-from-root-p1232.html	24	enc_q	      <link type="application/rsd+xml" title="RSD" href="/it-builder/xmlrpc.php%3Frsd" />
it-builder/case/case0001232/index-from-root-p1232.html	34	enc_q	      <link rel="stylesheet" href="/it-builder/wp-content/themes/itbuilder-theme/resource/css/common.css%3F=1.2.2.css" />
it-builder/case/case0001232/index-from-root-p1232.html	35	enc_q	      <link rel="stylesheet" media="print" href="/it-builder/wp-content/themes/itbuilder-theme/resource/css/print.css%3Fvar=0.1.css" />
it-builder/case/case0001232/index-from-root-p1232.html	133	enc_q	      <script type="text/javascript" src="/it-builder/wp-content/plugins/lw-wae-contents-editor/js/wae-section.js%3Fver=1.1" id="wae_front_script-js"></script>
it-builder/case/case0001232/index-from-root-p1232.html	134	enc_q	      <script type="text/javascript" src="/it-builder/wp-content/plugins/lw-wae-contents-editor/js/library.js%3Fver=1.1" id="wae_library_script-js"></script>
it-builder/case/case0001235/index.html	19	enc_q	      <link rel="stylesheet" href="/it-builder/wp-includes/css/dist/block-library/style.min.css%3Fver=6.1.7.css" type="text/css" media="all" />
it-builder/case/case0001235/index.html	20	enc_q	      <link rel="stylesheet" href="/it-builder/wp-includes/css/classic-themes.min.css%3Fver=1.css" type="text/css" media="all" />
it-builder/case/case0001235/index.html	22	enc_q	      <link rel="stylesheet" id="slick_style-css" href="/it-builder/wp-content/plugins/lw-wae-contents-editor/aos/slick.css%3Fver=6.1.7.css" type="text/css" media="all" />
it-builder/case/case0001235/index.html	24	enc_q	      <link type="application/rsd+xml" title="RSD" href="/it-builder/xmlrpc.php%3Frsd" />
it-builder/case/case0001235/index.html	34	enc_q	      <link rel="stylesheet" href="/it-builder/wp-content/themes/itbuilder-theme/resource/css/common.css%3F=1.2.2.css" />
it-builder/case/case0001235/index.html	35	enc_q	      <link rel="stylesheet" media="print" href="/it-builder/wp-content/themes/itbuilder-theme/resource/css/print.css%3Fvar=0.1.css" />
it-builder/case/case0001235/index.html	137	enc_q	      <script type="text/javascript" src="/it-builder/wp-content/plugins/lw-wae-contents-editor/js/wae-section.js%3Fver=1.1" id="wae_front_script-js"></script>
it-builder/case/case0001235/index.html	138	enc_q	      <script type="text/javascript" src="/it-builder/wp-content/plugins/lw-wae-contents-editor/js/library.js%3Fver=1.1" id="wae_library_script-js"></script>
it-builder/case/case0001235/index-from-root-p1235.html	19	enc_q	      <link rel="stylesheet" href="/it-builder/wp-includes/css/dist/block-library/style.min.css%3Fver=6.1.7.css" type="text/css" media="all" />
it-builder/case/case0001235/index-from-root-p1235.html	20	enc_q	      <link rel="stylesheet" href="/it-builder/wp-includes/css/classic-themes.min.css%3Fver=1.css" type="text/css" media="all" />
it-builder/case/case0001235/index-from-root-p1235.html	22	enc_q	      <link rel="stylesheet" id="slick_style-css" href="/it-builder/wp-content/plugins/lw-wae-contents-editor/aos/slick.css%3Fver=6.1.7.css" type="text/css" media="all" />
it-builder/case/case0001235/index-from-root-p1235.html	24	enc_q	      <link type="application/rsd+xml" title="RSD" href="/it-builder/xmlrpc.php%3Frsd" />
it-builder/case/case0001235/index-from-root-p1235.html	34	enc_q	      <link rel="stylesheet" href="/it-builder/wp-content/themes/itbuilder-theme/resource/css/common.css%3F=1.2.2.css" />
it-builder/case/case0001235/index-from-root-p1235.html	35	enc_q	      <link rel="stylesheet" media="print" href="/it-builder/wp-content/themes/itbuilder-theme/resource/css/print.css%3Fvar=0.1.css" />
it-builder/case/case0001235/index-from-root-p1235.html	137	enc_q	      <script type="text/javascript" src="/it-builder/wp-content/plugins/lw-wae-contents-editor/js/wae-section.js%3Fver=1.1" id="wae_front_script-js"></script>
it-builder/case/case0001235/index-from-root-p1235.html	138	enc_q	      <script type="text/javascript" src="/it-builder/wp-content/plugins/lw-wae-contents-editor/js/library.js%3Fver=1.1" id="wae_library_script-js"></script>
it-builder/case/case0001259/index.html	19	enc_q	      <link rel="stylesheet" href="/it-builder/wp-includes/css/dist/block-library/style.min.css%3Fver=6.1.7.css" type="text/css" media="all" />
it-builder/case/case0001259/index.html	20	enc_q	      <link rel="stylesheet" href="/it-builder/wp-includes/css/classic-themes.min.css%3Fver=1.css" type="text/css" media="all" />
it-builder/case/case0001259/index.html	22	enc_q	      <link rel="stylesheet" id="slick_style-css" href="/it-builder/wp-content/plugins/lw-wae-contents-editor/aos/slick.css%3Fver=6.1.7.css" type="text/css" media="all" />
it-builder/case/case0001259/index.html	24	enc_q	      <link type="application/rsd+xml" title="RSD" href="/it-builder/xmlrpc.php%3Frsd" />
it-builder/case/case0001259/index.html	34	enc_q	      <link rel="stylesheet" href="/it-builder/wp-content/themes/itbuilder-theme/resource/css/common.css%3F=1.2.2.css" />
it-builder/case/case0001259/index.html	35	enc_q	      <link rel="stylesheet" media="print" href="/it-builder/wp-content/themes/itbuilder-theme/resource/css/print.css%3Fvar=0.1.css" />
it-builder/case/case0001259/index.html	132	enc_q	      <script type="text/javascript" src="/it-builder/wp-content/plugins/lw-wae-contents-editor/js/wae-section.js%3Fver=1.1" id="wae_front_script-js"></script>
it-builder/case/case0001259/index.html	133	enc_q	      <script type="text/javascript" src="/it-builder/wp-content/plugins/lw-wae-contents-editor/js/library.js%3Fver=1.1" id="wae_library_script-js"></script>
it-builder/case/case0001259/index-from-root-p1259.html	19	enc_q	      <link rel="stylesheet" href="/it-builder/wp-includes/css/dist/block-library/style.min.css%3Fver=6.1.7.css" type="text/css" media="all" />
it-builder/case/case0001259/index-from-root-p1259.html	20	enc_q	      <link rel="stylesheet" href="/it-builder/wp-includes/css/classic-themes.min.css%3Fver=1.css" type="text/css" media="all" />
it-builder/case/case0001259/index-from-root-p1259.html	22	enc_q	      <link rel="stylesheet" id="slick_style-css" href="/it-builder/wp-content/plugins/lw-wae-contents-editor/aos/slick.css%3Fver=6.1.7.css" type="text/css" media="all" />
it-builder/case/case0001259/index-from-root-p1259.html	24	enc_q	      <link type="application/rsd+xml" title="RSD" href="/it-builder/xmlrpc.php%3Frsd" />
it-builder/case/case0001259/index-from-root-p1259.html	34	enc_q	      <link rel="stylesheet" href="/it-builder/wp-content/themes/itbuilder-theme/resource/css/common.css%3F=1.2.2.css" />
it-builder/case/case0001259/index-from-root-p1259.html	35	enc_q	      <link rel="stylesheet" media="print" href="/it-builder/wp-content/themes/itbuilder-theme/resource/css/print.css%3Fvar=0.1.css" />
it-builder/case/case0001259/index-from-root-p1259.html	132	enc_q	      <script type="text/javascript" src="/it-builder/wp-content/plugins/lw-wae-contents-editor/js/wae-section.js%3Fver=1.1" id="wae_front_script-js"></script>
it-builder/case/case0001259/index-from-root-p1259.html	133	enc_q	      <script type="text/javascript" src="/it-builder/wp-content/plugins/lw-wae-contents-editor/js/library.js%3Fver=1.1" id="wae_library_script-js"></script>
it-builder/case/case0001250/index-from-root-p1250.html	19	enc_q	      <link rel="stylesheet" href="/it-builder/wp-includes/css/dist/block-library/style.min.css%3Fver=6.1.7.css" type="text/css" media="all" />
it-builder/case/case0001250/index-from-root-p1250.html	20	enc_q	      <link rel="stylesheet" href="/it-builder/wp-includes/css/classic-themes.min.css%3Fver=1.css" type="text/css" media="all" />
it-builder/case/case0001250/index-from-root-p1250.html	22	enc_q	      <link rel="stylesheet" id="slick_style-css" href="/it-builder/wp-content/plugins/lw-wae-contents-editor/aos/slick.css%3Fver=6.1.7.css" type="text/css" media="all" />
it-builder/case/case0001250/index-from-root-p1250.html	24	enc_q	      <link type="application/rsd+xml" title="RSD" href="/it-builder/xmlrpc.php%3Frsd" />
it-builder/case/case0001250/index-from-root-p1250.html	34	enc_q	      <link rel="stylesheet" href="/it-builder/wp-content/themes/itbuilder-theme/resource/css/common.css%3F=1.2.2.css" />
it-builder/case/case0001250/index-from-root-p1250.html	35	enc_q	      <link rel="stylesheet" media="print" href="/it-builder/wp-content/themes/itbuilder-theme/resource/css/print.css%3Fvar=0.1.css" />
it-builder/case/case0001250/index-from-root-p1250.html	157	enc_q	      <script type="text/javascript" src="/it-builder/wp-content/plugins/lw-wae-contents-editor/js/wae-section.js%3Fver=1.1" id="wae_front_script-js"></script>
it-builder/case/case0001250/index-from-root-p1250.html	158	enc_q	      <script type="text/javascript" src="/it-builder/wp-content/plugins/lw-wae-contents-editor/js/library.js%3Fver=1.1" id="wae_library_script-js"></script>
it-builder/case/case0001250/index.html	19	enc_q	      <link rel="stylesheet" href="/it-builder/wp-includes/css/dist/block-library/style.min.css%3Fver=6.1.7.css" type="text/css" media="all" />
it-builder/case/case0001250/index.html	20	enc_q	      <link rel="stylesheet" href="/it-builder/wp-includes/css/classic-themes.min.css%3Fver=1.css" type="text/css" media="all" />
it-builder/case/case0001250/index.html	22	enc_q	      <link rel="stylesheet" id="slick_style-css" href="/it-builder/wp-content/plugins/lw-wae-contents-editor/aos/slick.css%3Fver=6.1.7.css" type="text/css" media="all" />
it-builder/case/case0001250/index.html	24	enc_q	      <link type="application/rsd+xml" title="RSD" href="/it-builder/xmlrpc.php%3Frsd" />
it-builder/case/case0001250/index.html	34	enc_q	      <link rel="stylesheet" href="/it-builder/wp-content/themes/itbuilder-theme/resource/css/common.css%3F=1.2.2.css" />
it-builder/case/case0001250/index.html	35	enc_q	      <link rel="stylesheet" media="print" href="/it-builder/wp-content/themes/itbuilder-theme/resource/css/print.css%3Fvar=0.1.css" />
it-builder/case/case0001250/index.html	157	enc_q	      <script type="text/javascript" src="/it-builder/wp-content/plugins/lw-wae-contents-editor/js/wae-section.js%3Fver=1.1" id="wae_front_script-js"></script>
it-builder/case/case0001250/index.html	158	enc_q	      <script type="text/javascript" src="/it-builder/wp-content/plugins/lw-wae-contents-editor/js/library.js%3Fver=1.1" id="wae_library_script-js"></script>
